,document.id,user_id,business_id,stars,useful,funny,cool
1,1,KpkOkG6RIf4Ra25Lhhxf1A,2aFiy99vNLklCx3T_tGS9A,5,0,0,0
2,2,bQ7fQq1otn9hKX-gXRsrgA,2aFiy99vNLklCx3T_tGS9A,5,1,0,0
3,3,r1NUhdNmL6yU9Bn-Yx6FTw,2aFiy99vNLklCx3T_tGS9A,5,0,0,0
4,4,aW3ix1KNZAvoM8q-WghA3Q,2LfIuF3_sX6uwe-IR-P0jQ,5,0,0,1
5,5,YOo-Cip8HqvKp_p9nEGphw,2LfIuF3_sX6uwe-IR-P0jQ,4,0,0,0
6,6,bgl3j8yJcRO-00NkUYsXGQ,2LfIuF3_sX6uwe-IR-P0jQ,5,2,0,1
7,7,CWKF9de-nskLYEqDDCfubg,2LfIuF3_sX6uwe-IR-P0jQ,4,0,0,0
8,8,GJ7PTY7huYORFKKg3db3Gw,2LfIuF3_sX6uwe-IR-P0jQ,5,2,0,0
9,9,rxqp9eXZj1jYTn0UIsm3Hg,2LfIuF3_sX6uwe-IR-P0jQ,5,0,0,0
10,10,UU0nHQtHPMAfLidk8tOHTg,2LfIuF3_sX6uwe-IR-P0jQ,5,0,0,0
11,11,A_Hyfk3FcwFVIk1CQC7z7w,2LfIuF3_sX6uwe-IR-P0jQ,1,1,0,0
12,12,OvD92wp0-uuFoGLBymwfKQ,2LfIuF3_sX6uwe-IR-P0jQ,5,1,1,1
13,13,5NDk-q5mv8PIDvz83HwMVg,2LfIuF3_sX6uwe-IR-P0jQ,4,0,0,0
14,14,AziQIgYIAY6uVw1k8sbtTw,2LfIuF3_sX6uwe-IR-P0jQ,5,1,0,0
15,15,A65IYKs3FwsyyJH20XOk2w,2LfIuF3_sX6uwe-IR-P0jQ,5,0,0,1
16,16,wnzfuir72IZFg5RAPOwWCQ,2LfIuF3_sX6uwe-IR-P0jQ,1,4,3,2
17,17,2N9wrn5A37aOXDrBPIYQdA,2LfIuF3_sX6uwe-IR-P0jQ,4,0,0,0
18,18,oKZiDLm0D1PIm1-vRtvONA,2LfIuF3_sX6uwe-IR-P0jQ,5,0,0,0
19,19,XMRkVYpQAZpWOpia5-MoPw,0czfEgv9KAD4VlIa7ANPWQ,1,1,0,0
20,20,jhhHm3Vk9ZlP21WdY_5R0w,0czfEgv9KAD4VlIa7ANPWQ,5,2,2,1
21,21,9Cmmt_34PxuC84P1AgmetQ,0czfEgv9KAD4VlIa7ANPWQ,5,0,0,0
22,22,B7ecAeAIrXg7sgmabS38pg,0czfEgv9KAD4VlIa7ANPWQ,3,5,5,4
23,23,mdVHZbSl97wUUoE6hdxeLg,0czfEgv9KAD4VlIa7ANPWQ,3,3,1,2
24,24,je5k8a3qIOM0VJE5MaxsfQ,0czfEgv9KAD4VlIa7ANPWQ,2,3,4,1
25,25,TryfbZaaGtedncOMq9k86g,0czfEgv9KAD4VlIa7ANPWQ,4,2,1,0
26,26,yt1VnahG-MRgU6tswWaUxA,0czfEgv9KAD4VlIa7ANPWQ,2,2,0,0
27,27,wJ0mbYw5WoiaKxiNEayZvg,0czfEgv9KAD4VlIa7ANPWQ,3,1,1,1
28,28,29rUYREQxeFE6LWGnirgew,0czfEgv9KAD4VlIa7ANPWQ,2,1,0,0
29,29,zOU38EUHgUtEI4ziZ8DB1w,7GI_V9oLCUGdn2ogqB0IBg,5,1,1,0
30,30,hMZ3_yBErMi-pFcquyLJWg,7GI_V9oLCUGdn2ogqB0IBg,5,0,0,0
31,31,9sdni8QHrai8l7ikHsV5Jg,7GI_V9oLCUGdn2ogqB0IBg,1,0,1,0
32,32,PmgqNO0-5Y3e3UoR61TD7w,4P-vTvE6cncJyUyLh73pxw,4,0,0,0
33,33,kXUySHSlRgVrcR4Aa0HtGQ,4P-vTvE6cncJyUyLh73pxw,4,0,0,0
34,34,SYKPwRhnlKrW6yTvm7oPWg,4P-vTvE6cncJyUyLh73pxw,4,1,0,0
35,35,7LCG3o2KW2jgKgbKN0DQOg,4P-vTvE6cncJyUyLh73pxw,5,2,0,1
36,36,iSdSNh1hjdE33LOwrFnFrg,4P-vTvE6cncJyUyLh73pxw,4,0,0,0
37,37,catpxxLS6OF5cfjxLvpAbA,4P-vTvE6cncJyUyLh73pxw,5,0,0,1
38,38,Zmp1Q6Ul9VH3zL02Z5ls_A,4P-vTvE6cncJyUyLh73pxw,2,0,0,0
39,39,vzKgTUCV5Pz0gldaeM5j3g,4P-vTvE6cncJyUyLh73pxw,3,0,0,0
40,40,i8hCMZN-0bHENsHZKHpC-g,4P-vTvE6cncJyUyLh73pxw,4,7,7,6
41,41,OdTvOw8NKzaCcsj_dnRZSQ,4P-vTvE6cncJyUyLh73pxw,3,0,0,0
42,42,W4cfK8SxPloWtIXl3JST2g,4P-vTvE6cncJyUyLh73pxw,4,0,0,1
43,43,n5P4Cw7F1pCYwVutSTqUPg,4P-vTvE6cncJyUyLh73pxw,3,0,0,0
44,44,ub50UE95-gu7yIoed1zssA,4P-vTvE6cncJyUyLh73pxw,1,0,0,0
45,45,57w8gLY3f7OwGmWNtUIFIA,4P-vTvE6cncJyUyLh73pxw,1,1,0,0
46,46,RlpkcJqctkKXl-LO1IAtig,4P-vTvE6cncJyUyLh73pxw,3,0,0,0
47,47,m5iFZbW5hSNPNplx-vGkyA,4P-vTvE6cncJyUyLh73pxw,4,1,0,1
48,48,1-xPzJk_ijBvY2J8Re1DIQ,4P-vTvE6cncJyUyLh73pxw,3,0,2,0
49,49,oPQAJEiJnRrD0Km5RlKmtw,4P-vTvE6cncJyUyLh73pxw,5,0,0,0
50,50,bZBPVRIGQZ0WXRYLtYXbYQ,4P-vTvE6cncJyUyLh73pxw,2,2,1,1
51,51,fflaErtSIUWvHe3q0I3JAA,4P-vTvE6cncJyUyLh73pxw,2,0,0,0
52,52,BRO98wNeY2Q_BZX8G-iVvg,4P-vTvE6cncJyUyLh73pxw,4,1,0,0
53,53,qn7SAaO9Jwl2ls5c9Og2yA,4P-vTvE6cncJyUyLh73pxw,4,0,0,1
54,54,7phnWalwWR0LcV-4xGGFgg,4P-vTvE6cncJyUyLh73pxw,2,0,0,0
55,55,C0jquh-km5UnawqDqSQpBw,4uiijOUDzc-DeIb2XcKW_A,3,2,0,0
56,56,cPifBB7Qbjs9PntPGOY9iQ,4uiijOUDzc-DeIb2XcKW_A,3,1,1,1
57,57,pgTz-Ds6WvS8qFOsRekG9A,4uiijOUDzc-DeIb2XcKW_A,2,1,0,0
58,58,GDeoUHALgyqK13ewN92Jnw,4uiijOUDzc-DeIb2XcKW_A,4,2,1,2
59,59,d1sLYlfSzHo6WCpfe-j7zg,4uiijOUDzc-DeIb2XcKW_A,4,0,0,1
60,60,GABWrw5Et9jubriKwMUDbw,4uiijOUDzc-DeIb2XcKW_A,4,0,0,0
61,61,4ZecK0IVM-5_E5-wczXqZg,4uiijOUDzc-DeIb2XcKW_A,2,0,0,0
62,62,pRAPaBJ-MyO70-aVAX36Mg,4uiijOUDzc-DeIb2XcKW_A,2,0,0,0
63,63,lac5Nj5BOKhSJjEfT7oZxg,4uiijOUDzc-DeIb2XcKW_A,2,1,0,0
64,64,WI5CkCRbzcUdFAU941mdYA,4uiijOUDzc-DeIb2XcKW_A,4,0,0,0
65,65,YSFhFKYaotk5rE3VECcQxg,4uiijOUDzc-DeIb2XcKW_A,2,0,0,0
66,66,AbC6lu_5RrMgslQeocvzRg,4uiijOUDzc-DeIb2XcKW_A,1,0,0,0
67,67,PPCFx8NTgsELmNogzDjL0g,4uiijOUDzc-DeIb2XcKW_A,4,2,0,1
68,68,gq8dZgJConBUANpSFzKKjg,4uiijOUDzc-DeIb2XcKW_A,3,0,0,0
69,69,wDdh7cLIFK08KtJhj5q9uA,4uiijOUDzc-DeIb2XcKW_A,2,1,0,1
70,70,c3oKqsoDC9SDjJjP1LMARA,4uiijOUDzc-DeIb2XcKW_A,3,0,0,0
71,71,#NAME?,4uiijOUDzc-DeIb2XcKW_A,2,1,0,0
72,72,kEH9rD6yJbGYcvp9_2RKrQ,4uiijOUDzc-DeIb2XcKW_A,3,1,0,0
73,73,24hyqUROHABynDLYTUpqkQ,4uiijOUDzc-DeIb2XcKW_A,2,0,3,0
74,74,iUHPgpGXuJ-e8jXEhvK-AA,4uiijOUDzc-DeIb2XcKW_A,3,1,0,0
75,75,jIjC8F9Xiz7R5M-krH6OGg,4uiijOUDzc-DeIb2XcKW_A,1,0,0,0
76,76,HvquD8QalzpQlbXK-1KYlQ,4uiijOUDzc-DeIb2XcKW_A,2,0,0,0
77,77,3etKdarpGqQYpoLENXKt6A,4uiijOUDzc-DeIb2XcKW_A,4,0,0,0
78,78,53bZ_EsXH71L7iFs5MP9_w,4uiijOUDzc-DeIb2XcKW_A,2,2,0,0
79,79,NoEI3raAUBkZKZMczZVlaQ,4uiijOUDzc-DeIb2XcKW_A,2,0,0,0
80,80,PpTSDy5cQM25rqcI19yg0w,4uiijOUDzc-DeIb2XcKW_A,1,0,0,0
81,81,HgmpXWF_p1WfG_Kq90jUkg,4uiijOUDzc-DeIb2XcKW_A,2,0,0,0
82,82,YLgDEG9vFIiHo5e3K_g0hQ,4uiijOUDzc-DeIb2XcKW_A,2,0,0,0
83,83,WOGd8Xxq0ya99vp8YWmA8g,4uiijOUDzc-DeIb2XcKW_A,5,0,0,0
84,84,OuRxTH-PPuRzpmtWXkOavg,4uiijOUDzc-DeIb2XcKW_A,2,0,0,0
85,85,6gZBMMTC_47cDL_LDkr3ng,4uiijOUDzc-DeIb2XcKW_A,3,2,0,0
86,86,cUZw26_XQSpwX3gd9GVKtA,4uiijOUDzc-DeIb2XcKW_A,4,1,1,1
87,87,OpAfXeNL4kJA59PoUFU7ew,4uiijOUDzc-DeIb2XcKW_A,4,1,0,1
88,88,F75cB0AgEhc-mtM18B8EFw,4uiijOUDzc-DeIb2XcKW_A,1,0,0,0
89,89,E5glLZ1mCo10-zqq3Bj13w,4uiijOUDzc-DeIb2XcKW_A,2,1,0,0
90,90,GZuBQoHtz39pIDsNh4EQXA,5WoHYemsAjuK85AOcGwEJg,4,0,0,0
91,91,wU1V11JqKhsSptKMsnEDEg,5WoHYemsAjuK85AOcGwEJg,5,0,0,0
92,92,uZtSv8Rgi4-0BBvz4YbH9Q,5WoHYemsAjuK85AOcGwEJg,3,0,0,0
93,93,FCzzkuhMrQ-pWYDA_fPmkg,5WoHYemsAjuK85AOcGwEJg,5,0,0,0
94,94,LMhTti4tnUvPwON8yREDcg,5WoHYemsAjuK85AOcGwEJg,4,0,0,0
95,95,kKXjr2cCjPMQoX0OiB6XRA,5WoHYemsAjuK85AOcGwEJg,4,0,0,0
96,96,V1chaUDzuPh7zLZVfnqQxA,2cl9TETYE3CdzljPtdIbjA,5,0,0,0
97,97,zsV1V_8FZbVMzIMVF-J3Jw,2cl9TETYE3CdzljPtdIbjA,5,0,0,0
98,98,G8FR2qnN7CcdP8Q9snLhQg,2cl9TETYE3CdzljPtdIbjA,4,1,1,1
99,99,GQNeutlSdO8OfOUWNUas0Q,2cl9TETYE3CdzljPtdIbjA,5,0,0,0
100,100,3iq8oDotfNXL57CbqzaaAA,32S_SP-ZaVmQucdEY5ynlQ,1,8,1,1
101,101,Q7p9asYQzdmOJTxhqAGjlw,32S_SP-ZaVmQucdEY5ynlQ,4,1,2,0
102,102,p0RVQxuOSA2NV4Odv_kgWQ,32S_SP-ZaVmQucdEY5ynlQ,1,2,0,0
103,103,t3G62CIef9uoS7BNvI8eEQ,32S_SP-ZaVmQucdEY5ynlQ,1,2,0,0
104,104,Lj4aiPE5RRIn5m1zgKSIQQ,7HnlXTF9f29HOYfblGLIHQ,4,0,0,0
105,105,luxGSQ8kNf7Q00DyBrLCgw,7HnlXTF9f29HOYfblGLIHQ,4,1,0,0
106,106,6YPfM_xcWZM4GjBvGvL8Mg,7HnlXTF9f29HOYfblGLIHQ,4,1,0,1
107,107,segRkXhf1vSCnEi_aHnGdg,7HnlXTF9f29HOYfblGLIHQ,3,1,0,0
108,108,2bfpsTEAuAsY93ELDBVr_A,7HnlXTF9f29HOYfblGLIHQ,4,0,0,0
109,109,F7JUBrCarN8nvmm0JGeIcg,7HnlXTF9f29HOYfblGLIHQ,5,0,0,0
110,110,TZPsABv-sMnreTLwLsg9xg,7HnlXTF9f29HOYfblGLIHQ,4,0,0,0
111,111,4InQPZ5xc4rZMRxDGYdJZw,7HnlXTF9f29HOYfblGLIHQ,3,0,0,0
112,112,kDeeM6O6gABIAdFEUAcP8w,7HnlXTF9f29HOYfblGLIHQ,5,0,0,0
113,113,Q6f-wmLKk6kPIq648ybmbw,7HnlXTF9f29HOYfblGLIHQ,5,1,0,0
114,114,AzMAt7SteQQaVLBCiAGcyQ,7HnlXTF9f29HOYfblGLIHQ,5,0,0,0
115,115,Mvs4_S_Klo-aiR12keyAYQ,7HnlXTF9f29HOYfblGLIHQ,5,3,2,3
116,116,rdrbizbKmClF3M2t11XxFA,7HnlXTF9f29HOYfblGLIHQ,5,3,0,0
117,117,xve9Sb8bx1Aid0313rYUQQ,7HnlXTF9f29HOYfblGLIHQ,1,0,0,0
118,118,VRVCKQhYDCkzaEDce8GEtQ,-3pfhzz9CB7F2DpbF1Ko7Q,5,0,0,0
119,119,SxV1Jq7UANuSYpn42JXvOA,-3pfhzz9CB7F2DpbF1Ko7Q,1,0,0,0
120,120,soDF6mePh1SuNZI3rN7HPQ,-3pfhzz9CB7F2DpbF1Ko7Q,3,2,2,2
121,121,fJ_qSZH_akvWzHUPMqab1g,78iZO7fwyQ_Bhq63p4uXxA,5,3,4,1
122,122,7LrTn6cZpE8R1QUSePeGtQ,78iZO7fwyQ_Bhq63p4uXxA,5,2,0,0
123,123,eqr0FFABkLb01LK04S4WMg,78iZO7fwyQ_Bhq63p4uXxA,5,2,0,0
124,124,rGlI5Q6RGLRXIATUIZ3DhA,1Lbq92b6B9z1FYk5mS2R9Q,3,0,0,0
125,125,d0AFpcTSW9eEcMC8ZTAWIg,1Lbq92b6B9z1FYk5mS2R9Q,4,0,0,0
126,126,DMXxj2-GJxicjaE8S59qjA,1Lbq92b6B9z1FYk5mS2R9Q,3,0,0,0
127,127,0nqshyLgABOSyTfJUTthjQ,1Lbq92b6B9z1FYk5mS2R9Q,4,1,0,0
128,128,FIk4lQQu1eTe2EpzQ4xhBA,1Lbq92b6B9z1FYk5mS2R9Q,4,3,0,1
129,129,ufn1IPTJP7mRlmQP3a5dIQ,1Lbq92b6B9z1FYk5mS2R9Q,4,1,1,1
130,130,GKsdfCswGFDSfRmnBCFu5g,1Lbq92b6B9z1FYk5mS2R9Q,5,0,0,0
131,131,xSt--5JG6QqTEOwXJj_pRw,1Lbq92b6B9z1FYk5mS2R9Q,3,0,0,0
132,132,u9w4LOoKYsM00Scb0HCH1w,1Lbq92b6B9z1FYk5mS2R9Q,4,1,0,2
133,133,wOGfOjBaP-lCS1NW_En2LQ,1Lbq92b6B9z1FYk5mS2R9Q,4,7,4,5
134,134,N3oNEwh0qgPqPP3Em6wJXw,1Lbq92b6B9z1FYk5mS2R9Q,4,3,2,2
135,135,jS9jQc4SylqAUbxfrb1wDQ,1Lbq92b6B9z1FYk5mS2R9Q,4,1,0,0
136,136,qF1V8GyuLL5Fpv40Cyturw,1Lbq92b6B9z1FYk5mS2R9Q,2,1,0,1
137,137,uXtwBP1P00dN7KnJw1RySg,1Lbq92b6B9z1FYk5mS2R9Q,1,0,2,1
138,138,5wRCMyU9dEdkja_mO0qfeQ,1Lbq92b6B9z1FYk5mS2R9Q,3,1,0,0
139,139,qbq4zC9SrZuaQ4-J-wtRuw,1Lbq92b6B9z1FYk5mS2R9Q,4,0,0,0
140,140,83Bgz9gPxmJEYBOVKWXH2A,1Lbq92b6B9z1FYk5mS2R9Q,3,2,0,1
141,141,nTUabhEoWmMzdQqgWvNItg,1Lbq92b6B9z1FYk5mS2R9Q,5,0,0,0
142,142,UYcmGbelzRa0Q6JqzLoguw,1Lbq92b6B9z1FYk5mS2R9Q,4,6,3,6
143,143,a8VG32wM3BTKNOlkgS38Sg,1Lbq92b6B9z1FYk5mS2R9Q,4,0,0,0
144,144,m-BZLIIh5PCAKnzH0qj_0Q,1Lbq92b6B9z1FYk5mS2R9Q,4,1,1,1
145,145,U0pUOShL5PhtCMjqSDHDWw,1Lbq92b6B9z1FYk5mS2R9Q,5,3,0,2
146,146,kmE8w5Y785eZmodsx0V6Ag,1Lbq92b6B9z1FYk5mS2R9Q,4,4,2,5
147,147,deL6e_z9xqZTIODKqnvRXQ,1Lbq92b6B9z1FYk5mS2R9Q,4,6,2,7
148,148,xNKjIktegMyHVSXFznJTRg,1Lbq92b6B9z1FYk5mS2R9Q,1,0,1,0
149,149,q6uNOuHAPaMjDHHRJCl-8Q,1Lbq92b6B9z1FYk5mS2R9Q,4,1,0,1
150,150,2WniIUDY7MqU1rNL1nwolQ,1Lbq92b6B9z1FYk5mS2R9Q,4,2,0,2
151,151,XLNaiWF21OsAf0fMV6kuSg,1Lbq92b6B9z1FYk5mS2R9Q,4,2,0,1
152,152,6rCP95GtOyYnXHzNYmsiNg,1Lbq92b6B9z1FYk5mS2R9Q,4,0,0,0
153,153,4wpV4DZlNxQ2xG_O3Y9lSg,1Lbq92b6B9z1FYk5mS2R9Q,4,1,0,0
154,154,N044aCKJv3G5WuvwT5AJcA,1Lbq92b6B9z1FYk5mS2R9Q,3,0,0,0
155,155,Io5GxWjhtxqiWnoA-6Fh-w,1Lbq92b6B9z1FYk5mS2R9Q,5,0,0,0
156,156,ltX3MWLQybLDsbcerIt9EA,1Lbq92b6B9z1FYk5mS2R9Q,5,0,0,0
157,157,r7g1KCXjnymaFNkH1WLuDQ,1Lbq92b6B9z1FYk5mS2R9Q,3,1,0,1
158,158,#NAME?,1Lbq92b6B9z1FYk5mS2R9Q,4,0,0,0
159,159,z5_78RvewqSDKS_x6JaM9w,1Lbq92b6B9z1FYk5mS2R9Q,2,0,1,0
160,160,MsZutzmEM_6wgCB1TjD09w,1Lbq92b6B9z1FYk5mS2R9Q,4,0,0,0
161,161,5Fc4367gM1G8JCd9l20DuQ,1Lbq92b6B9z1FYk5mS2R9Q,1,0,0,0
162,162,myql3o3x22_ygECb8gVo7A,1Lbq92b6B9z1FYk5mS2R9Q,5,5,2,3
163,163,eNI-HBdpILxdmLErVxpyCg,1Lbq92b6B9z1FYk5mS2R9Q,5,0,0,0
164,164,r-kpr-POrNhzbbOYa2J_QQ,1Lbq92b6B9z1FYk5mS2R9Q,2,0,0,0
165,165,pI1mlfKEb8dbhuOuEKj4fA,1Lbq92b6B9z1FYk5mS2R9Q,2,0,0,0
166,166,erdvrYG2b-YkTfZljgrXIg,1Lbq92b6B9z1FYk5mS2R9Q,5,1,1,1
167,167,9-29omBZ5o3GV90o-edStg,1Lbq92b6B9z1FYk5mS2R9Q,5,0,0,0
168,168,KnPrhgAtSuUEA4PYSLFDVg,1Lbq92b6B9z1FYk5mS2R9Q,2,0,0,0
169,169,QJI9OSEn6ujRCtrX06vs1w,1Lbq92b6B9z1FYk5mS2R9Q,2,10,5,6
170,170,I9ij14zrH2KmmUrm9Vnjhg,1Lbq92b6B9z1FYk5mS2R9Q,4,0,0,0
171,171,U0bFgAe0KKUpagsnvddX1g,1Lbq92b6B9z1FYk5mS2R9Q,3,0,0,0
172,172,1RCo1B8YVPtzRDTrm3AyDw,1Lbq92b6B9z1FYk5mS2R9Q,4,0,0,0
173,173,VeYSD3Xgxd-R4yowet51tA,1Lbq92b6B9z1FYk5mS2R9Q,3,2,1,1
174,174,fcMH8X5FGRTuTJZ42XpZ3Q,1Lbq92b6B9z1FYk5mS2R9Q,5,0,0,0
175,175,tO8C0fsWJ_ylxNCQlITAPg,1Lbq92b6B9z1FYk5mS2R9Q,3,0,0,0
176,176,gjZmpzgMcQvBWQFviWu71A,1Lbq92b6B9z1FYk5mS2R9Q,2,0,0,0
177,177,fqjuy7iAJSn5hcvl_8mOQg,1Lbq92b6B9z1FYk5mS2R9Q,2,0,0,0
178,178,JqP9_2Ky-X1MRro0pBPPNQ,1Lbq92b6B9z1FYk5mS2R9Q,4,1,1,0
179,179,JbIgJ46QTSQUmtX6l07ZDg,3Phhm4suJ-9fVakKXJSMxg,3,0,0,0
180,180,pMefTWo6gMdx8WhYSA2u3w,3Phhm4suJ-9fVakKXJSMxg,3,6,4,4
181,181,U5YQX_vMl_xQy8EQDqlNQQ,3Phhm4suJ-9fVakKXJSMxg,2,1,0,0
182,182,16NsDmuRLHNa5oswow8sug,3Phhm4suJ-9fVakKXJSMxg,4,0,0,0
183,183,fcfFXPoxpLHvR98cvf618A,3Phhm4suJ-9fVakKXJSMxg,3,0,0,0
184,184,KDGywMWT8L1oy6pOrWtFpQ,3Phhm4suJ-9fVakKXJSMxg,3,0,0,0
185,185,2QhYG5gwEReX7qC_EE7jaA,0BJK4_RQnNiiXJcYPEgG3w,4,3,2,2
186,186,puKCWAzXbY4QfpMBOkVEKg,0BJK4_RQnNiiXJcYPEgG3w,5,0,0,0
187,187,MdjsjgFRXf1g5nIxSL-1zQ,0BJK4_RQnNiiXJcYPEgG3w,5,0,0,0
188,188,goyBp2yzRfBRzfRVKy9t9Q,0BJK4_RQnNiiXJcYPEgG3w,2,0,1,0
189,189,X5whw8WcB8dVZGZ5vGnSLg,0BJK4_RQnNiiXJcYPEgG3w,3,2,0,0
190,190,yt5fggA4287LXCN84i--QA,0BJK4_RQnNiiXJcYPEgG3w,5,0,0,0
191,191,ltg5Pgd5x7K7zpYtXxMPZA,0BJK4_RQnNiiXJcYPEgG3w,5,0,0,0
192,192,d5n7WXQkyESc_mOgyC_Exw,0BJK4_RQnNiiXJcYPEgG3w,4,1,0,2
193,193,xgHuIzDbuuSxsn9KBYFKkg,0BJK4_RQnNiiXJcYPEgG3w,5,2,0,2
194,194,rWGA6f5boGNr9ooE-_O37A,0BJK4_RQnNiiXJcYPEgG3w,5,0,0,0
195,195,oh2J59Y1sVdmySZ_Q93ebQ,0BJK4_RQnNiiXJcYPEgG3w,4,2,0,1
196,196,9xOaLYIDsAb-qJmhSIhfrA,0BJK4_RQnNiiXJcYPEgG3w,5,1,0,0
197,197,xu5zG3uwxAnlJsE9Fojs9Q,0BJK4_RQnNiiXJcYPEgG3w,5,0,0,0
198,198,GERRIWMslcP4-O6mLErPSQ,0BJK4_RQnNiiXJcYPEgG3w,2,3,2,0
199,199,ER_7MpSCAYYkltSEXA9JmQ,0BJK4_RQnNiiXJcYPEgG3w,3,1,0,0
200,200,mrru6hbeQLvagU4vkfuqmw,0BJK4_RQnNiiXJcYPEgG3w,4,3,0,0
201,201,P8WNbVV_iDGkKfBKl0zHmQ,0BJK4_RQnNiiXJcYPEgG3w,4,0,0,0
202,202,MQq_1AlcDWsyNs7Ot8J4OQ,0BJK4_RQnNiiXJcYPEgG3w,3,0,0,0
203,203,TbhyP24zYZqZ2VJZgu1wrg,0BJK4_RQnNiiXJcYPEgG3w,3,5,3,4
204,204,tkAmyGYk3iE3goHmAEOV4Q,0BJK4_RQnNiiXJcYPEgG3w,4,0,0,0
205,205,4dNn51tG71GV55SwwBxaBg,0BJK4_RQnNiiXJcYPEgG3w,3,2,1,1
206,206,0O5N7T7ZdvhNu--sI4Y5XQ,0BJK4_RQnNiiXJcYPEgG3w,4,0,0,0
207,207,FvbGyxLS58q9ezyNdjzxqw,0BJK4_RQnNiiXJcYPEgG3w,4,0,1,0
208,208,y28lmVXUfi9rDGBorJqb8A,0BJK4_RQnNiiXJcYPEgG3w,5,0,0,0
209,209,cg0-lurHuNWkX0Lr_QTacw,0BJK4_RQnNiiXJcYPEgG3w,4,0,0,0
210,210,6UPWBTOfNoaGRahqTX14Ag,0BJK4_RQnNiiXJcYPEgG3w,3,0,0,0
211,211,Iu1KZwQUE_pTJp_wlY5hpQ,0BJK4_RQnNiiXJcYPEgG3w,4,0,0,1
212,212,k7tSOhkjxuJ1EMkeaBbXyA,0BJK4_RQnNiiXJcYPEgG3w,2,1,0,0
213,213,VHc1yqBhsE-l3JQFXuWydQ,0BJK4_RQnNiiXJcYPEgG3w,2,0,0,0
214,214,HYQq67HQ4b5W56e6lcarbQ,0BJK4_RQnNiiXJcYPEgG3w,4,0,0,0
215,215,M2fjARghKjaHWh7psiDXPg,0BJK4_RQnNiiXJcYPEgG3w,5,1,0,1
216,216,ZoVgF9JG3Rzd1XUit2Cmmg,0BJK4_RQnNiiXJcYPEgG3w,5,0,0,0
217,217,99p8Y9nbXRBN3FaRPqPKmw,0BJK4_RQnNiiXJcYPEgG3w,4,0,0,0
218,218,XDKatafJP6HeHQR5aqDWOA,0BJK4_RQnNiiXJcYPEgG3w,4,0,0,0
219,219,cdqUGCBJtbdpkMA2sbfpKA,0BJK4_RQnNiiXJcYPEgG3w,5,4,1,3
220,220,qJZu-M8-4izrnXntPEMrXA,0BJK4_RQnNiiXJcYPEgG3w,4,0,0,0
221,221,yHakD_sjdUAzLQWLslmUfg,0BJK4_RQnNiiXJcYPEgG3w,3,1,2,1
222,222,CmWojBqIpOOHxNuUePl7hQ,0BJK4_RQnNiiXJcYPEgG3w,4,0,0,0
223,223,zMovEV1bOQLE_zJb8_e3Bg,0BJK4_RQnNiiXJcYPEgG3w,1,0,0,1
224,224,7BT9J9gmv3GsesY7Ju7pXA,0BJK4_RQnNiiXJcYPEgG3w,1,0,0,0
225,225,wHkA2GhVdSZcuOa9pjtgeA,0BJK4_RQnNiiXJcYPEgG3w,3,0,0,0
226,226,#NAME?,0BJK4_RQnNiiXJcYPEgG3w,3,0,0,0
227,227,Kl6jNDAE7PG_VVQafIptxQ,0BJK4_RQnNiiXJcYPEgG3w,4,0,0,0
228,228,ePm4_tZ7cagDbRQU2l-bYg,0BJK4_RQnNiiXJcYPEgG3w,5,1,0,0
229,229,sya4uhCAC9cCakEUjyEfKw,0BJK4_RQnNiiXJcYPEgG3w,4,1,1,1
230,230,SuDCcU9EcNzQDYYhrGu1sw,0BJK4_RQnNiiXJcYPEgG3w,4,0,0,0
231,231,pmeGrUv6S22pf38FTRYCzg,0BJK4_RQnNiiXJcYPEgG3w,3,0,0,0
232,232,vwmVeAovQ-xIudHx0qIv2w,0BJK4_RQnNiiXJcYPEgG3w,4,0,0,0
233,233,0jsxTb-wHH68OWI8Ia6xuA,0BJK4_RQnNiiXJcYPEgG3w,3,0,0,0
234,234,IDFujizyseGBOiwDROlJEw,0BJK4_RQnNiiXJcYPEgG3w,4,0,0,0
235,235,aiXFgj1oU-I3idtifgLRpA,0BJK4_RQnNiiXJcYPEgG3w,4,3,0,1
236,236,dx_p9_-zCM0YRA39fvV6WQ,0BJK4_RQnNiiXJcYPEgG3w,5,3,1,1
237,237,gPK2AKr-UA_7hZus80SSng,0BJK4_RQnNiiXJcYPEgG3w,3,1,0,2
238,238,g4xr80W9n71ZrFV2JYzJ5g,0BJK4_RQnNiiXJcYPEgG3w,2,0,0,0
239,239,7uIZN7J9b1VV-u-XeUCuDg,0BJK4_RQnNiiXJcYPEgG3w,5,0,0,0
240,240,ZS_SiPpiLocKfYNjRZTeww,0BJK4_RQnNiiXJcYPEgG3w,4,2,3,3
241,241,73DZUFYAXuycbJ_eEAox1Q,0BJK4_RQnNiiXJcYPEgG3w,4,21,14,19
242,242,XIkPvspzRAoEp7McGt9rdw,0BJK4_RQnNiiXJcYPEgG3w,4,3,2,2
243,243,CdCCSyHeEtAZYageFjkFPQ,0BJK4_RQnNiiXJcYPEgG3w,5,0,0,0
244,244,Zpk_NpxZ767LP3Zlw87y9w,0BJK4_RQnNiiXJcYPEgG3w,4,1,0,0
245,245,tWBLn4k1M7PLBtAtwAg73g,0BJK4_RQnNiiXJcYPEgG3w,3,0,0,1
246,246,ah4zqUxv-7rJPkGTcQ6ILQ,0BJK4_RQnNiiXJcYPEgG3w,4,0,0,0
247,247,x8EM2h-pHivskKhbWX717Q,0BJK4_RQnNiiXJcYPEgG3w,5,0,0,0
248,248,uMKz_DVVW5RNdrzZ7nBZzg,0BJK4_RQnNiiXJcYPEgG3w,4,0,0,0
249,249,HwWvld5Yd0h0EHrydo9CFQ,0BJK4_RQnNiiXJcYPEgG3w,3,1,0,3
250,250,hdP51SHHpIzOVywwxqs5fA,29XtLRA0y7Nfi4eZF-ZI4A,4,3,1,1
251,251,PGh1RQ55_lLi4A7LNZtMHg,29XtLRA0y7Nfi4eZF-ZI4A,3,1,0,0
252,252,XEHZoTDWjw3w-gcQyYIe4g,29XtLRA0y7Nfi4eZF-ZI4A,3,4,3,4
253,253,i8KqEbiLWDxLMgMkfSsT7g,29XtLRA0y7Nfi4eZF-ZI4A,5,0,0,0
254,254,1llynOxa9WgVxibZTsxZHw,29XtLRA0y7Nfi4eZF-ZI4A,5,1,0,1
255,255,DPitNu466172os6m0Yri1Q,29XtLRA0y7Nfi4eZF-ZI4A,1,1,1,1
256,256,pGrUOjoo2excjtBjQTp8Fw,29XtLRA0y7Nfi4eZF-ZI4A,3,1,0,0
257,257,Rttywvumr25Tldh4Ln7Udw,29XtLRA0y7Nfi4eZF-ZI4A,3,1,0,0
258,258,vTS2RendxnSA_YXpR4B66A,29XtLRA0y7Nfi4eZF-ZI4A,4,0,0,0
259,259,kCVPl2RumlSgSDx9PMfXDA,29XtLRA0y7Nfi4eZF-ZI4A,5,11,6,7
260,260,EMxa3Rcc88flwuP9RnFSkg,29XtLRA0y7Nfi4eZF-ZI4A,1,2,0,0
261,261,b8LFVfj8Gu3FWJB38b-EDQ,29XtLRA0y7Nfi4eZF-ZI4A,3,2,0,1
262,262,z8xryKzZa3jAJp38cTHudw,29XtLRA0y7Nfi4eZF-ZI4A,5,1,1,1
263,263,#NAME?,29XtLRA0y7Nfi4eZF-ZI4A,1,1,0,0
264,264,V-BbqKqO8anwplGRx9Q5aQ,29XtLRA0y7Nfi4eZF-ZI4A,4,0,0,0
265,265,jrqE4Jx-boDAxj4X7CLStQ,29XtLRA0y7Nfi4eZF-ZI4A,3,2,0,0
266,266,8bKpyXdiYF3ZKIB3QyEiVQ,DSKIdpJY_XCL_QMp1bpIrg,2,1,0,1
267,267,pBX4Xs0kpKW0RAPQA-jE6A,DSKIdpJY_XCL_QMp1bpIrg,5,2,0,1
268,268,VfjO3NbGqJEE_ByyhrAHkw,3EuEKK7jlcVwhU_4D7Kmkw,5,0,0,0
269,269,Z6OQe23EBIaUwPtwL3dcrA,3EuEKK7jlcVwhU_4D7Kmkw,5,1,0,0
270,270,K8BZnrt0Cy_r-CL_mDgwFg,3EuEKK7jlcVwhU_4D7Kmkw,5,0,0,0
271,271,DmpfK7wngEz122un6GtA9g,3EuEKK7jlcVwhU_4D7Kmkw,4,3,0,1
272,272,1Wf5mAukiULzGLfTXu_fQw,3EuEKK7jlcVwhU_4D7Kmkw,2,0,0,0
273,273,KJPqTI7X0CRaB3ZJGvC8Jw,3EuEKK7jlcVwhU_4D7Kmkw,5,1,0,0
274,274,Ry1O_KXZHGRI8g5zBR3IcQ,3EuEKK7jlcVwhU_4D7Kmkw,4,2,0,0
275,275,yeBcdHTf7mYrCRsKiQNZ_A,3EuEKK7jlcVwhU_4D7Kmkw,5,1,0,0
276,276,hX4PJFWTYdGIgywfFjoT9Q,3EuEKK7jlcVwhU_4D7Kmkw,5,0,0,0
277,277,-5W2xuWQBxc16pkPasBxZw,3EuEKK7jlcVwhU_4D7Kmkw,2,2,0,0
278,278,dQ8wg1zuR5rE1X2XYiMFRg,3EuEKK7jlcVwhU_4D7Kmkw,3,0,0,0
279,279,UPfJB0fePwr6Hk6UCHKztA,3EuEKK7jlcVwhU_4D7Kmkw,4,2,1,1
280,280,_0LwemzCLchggFtEWHERDA,3EuEKK7jlcVwhU_4D7Kmkw,5,0,0,1
281,281,Yaltx7RLH8w62Ax_b5wuhQ,3EuEKK7jlcVwhU_4D7Kmkw,4,1,0,0
282,282,K0CEAOe8yd5YIpcxSsUKwQ,3EuEKK7jlcVwhU_4D7Kmkw,5,0,0,0
283,283,H6mphWwDelKpaLNgXe6m9A,3EuEKK7jlcVwhU_4D7Kmkw,5,0,0,0
284,284,aqZtGwfNj-CATbofib1yPg,3EuEKK7jlcVwhU_4D7Kmkw,4,4,1,2
285,285,phJ5j8RjQMmn0kEv3WGDVQ,3EuEKK7jlcVwhU_4D7Kmkw,3,1,0,0
286,286,_siniUb8CoN9of4mhAtj_g,3EuEKK7jlcVwhU_4D7Kmkw,3,1,0,0
287,287,TyA_1wJ_irey_D46gfdppg,3EuEKK7jlcVwhU_4D7Kmkw,4,1,0,1
288,288,pO3m1uXlnvECjT-FtALfRQ,3EuEKK7jlcVwhU_4D7Kmkw,4,0,0,0
289,289,LOwo4HTg7yV2DKfyGPdkGQ,3EuEKK7jlcVwhU_4D7Kmkw,4,2,0,1
290,290,xxbqhvmt8bShSkeqy1cFFg,3EuEKK7jlcVwhU_4D7Kmkw,5,0,0,0
291,291,HFItzRohDHZvcKDrM6ABZg,111d13yLgIdqvpZekgVnbQ,3,0,0,0
292,292,8onuIirziNOP5Jl3JXappA,111d13yLgIdqvpZekgVnbQ,3,0,0,0
293,293,YXC-BqlnABXVJ26j6nlRzg,111d13yLgIdqvpZekgVnbQ,4,0,0,0
294,294,wskTNZjwiqMJOvM_-XAQZw,111d13yLgIdqvpZekgVnbQ,3,0,0,1
295,295,rKQXGdGUaEFcspdRWjfH1g,111d13yLgIdqvpZekgVnbQ,3,1,1,1
296,296,YIPMZOMB5BcliLqTWgGh9A,0vytvfym7q8f85jeOvgr5Q,5,3,0,0
297,297,2Pq2PDHK4HUOFLY3Dpyykw,0vytvfym7q8f85jeOvgr5Q,5,0,0,0
298,298,HDOk51KXyyBoFQKXcLPs6A,0vytvfym7q8f85jeOvgr5Q,5,2,0,0
299,299,gjhzKWsqCIrpEd9pevbKZw,629LOsDzWH1fqiHJLD_Iqg,4,0,2,0
300,300,IDVX4Is4CanREchBmpFXoA,629LOsDzWH1fqiHJLD_Iqg,5,2,2,3
301,301,jVjuv-C8oMuD6n-MhgsMHg,629LOsDzWH1fqiHJLD_Iqg,4,0,0,0
302,302,VJ6gRN2AGplIhnyVA_mMxg,629LOsDzWH1fqiHJLD_Iqg,5,1,1,1
303,303,#NAME?,5ZQmIhBVOelUScK9UbSUqA,3,0,0,0
304,304,JLjOmrfvLiAOQjwiwHeb8A,5ZQmIhBVOelUScK9UbSUqA,1,0,0,0
305,305,Q9mA60HnY87C1TW5kjAZ6Q,5ZQmIhBVOelUScK9UbSUqA,4,0,3,0
306,306,5fuwzNSeg01ECvwrrM8SIw,5xNf0Oje5It0zMYpazW1IQ,5,0,0,0
307,307,W_tEDhKM4ZhtSHgzVFnBUg,5xNf0Oje5It0zMYpazW1IQ,3,0,0,0
308,308,KsTUnKcaekeCs6o0Nr8fAQ,5xNf0Oje5It0zMYpazW1IQ,5,0,0,0
309,309,WvkPZ21zRQx2mv5X3AlP1g,0x2qB4R790SX3W4W8FQuWA,5,0,0,0
310,310,GYIgp8evSUmedWNv8VdMig,0x2qB4R790SX3W4W8FQuWA,5,0,0,1
311,311,tHGAvk600XTPzjHj84QKCQ,0x2qB4R790SX3W4W8FQuWA,5,0,0,0
312,312,ILBtzJLv6Z2Bmo70JQe0NA,0x2qB4R790SX3W4W8FQuWA,4,0,0,0
313,313,eUmNPp59nHbkk7qcCktGZw,0x2qB4R790SX3W4W8FQuWA,3,1,1,1
314,314,z5PxZo-8eFMbAuZEs9CTfw,0x2qB4R790SX3W4W8FQuWA,1,1,0,0
315,315,iBjrKHlo25WqV1ygArH2vQ,0x2qB4R790SX3W4W8FQuWA,5,1,0,0
316,316,zFYs8gSUYDvXkb6O7YkRkw,0x2qB4R790SX3W4W8FQuWA,4,37,26,33
317,317,s7P_w2_a-ibcdC39O3jeNg,0x2qB4R790SX3W4W8FQuWA,4,0,0,0
318,318,zME0Nu5iuMUEWQDknLN2EA,0x2qB4R790SX3W4W8FQuWA,4,1,0,0
319,319,fSVcw8pBXaU0Cx7whnHmRw,0x2qB4R790SX3W4W8FQuWA,2,1,1,1
320,320,wvEG8LtJcD3wCkBoQ9lQgg,0x2qB4R790SX3W4W8FQuWA,3,0,0,0
321,321,Uc0pAehG6PvbFliYbs2vMA,0x2qB4R790SX3W4W8FQuWA,5,0,0,0
322,322,M9rRM6Eo5YbKLKMG5QiIPA,0x2qB4R790SX3W4W8FQuWA,3,39,22,36
323,323,4qY-FdgmqIZZwWU4YyAxKQ,0x2qB4R790SX3W4W8FQuWA,4,0,0,0
324,324,CBfc7hDDvaYwtJwNfhvKjw,0x2qB4R790SX3W4W8FQuWA,4,0,0,0
325,325,H3bVvQoY4vlbVIv18Xvi_A,0x2qB4R790SX3W4W8FQuWA,4,0,0,0
326,326,78vy4aB-qVelHBmADdTvOQ,0x2qB4R790SX3W4W8FQuWA,4,0,0,0
327,327,sIWXu4Ysy9Ss5p2DxXF5CA,0x2qB4R790SX3W4W8FQuWA,5,0,0,0
328,328,XHwjG5eRaTudtRSLwCoEWw,0x2qB4R790SX3W4W8FQuWA,5,0,0,0
329,329,b-1SwgXVYt8U5Lhxe1Dh7A,0x2qB4R790SX3W4W8FQuWA,2,0,2,0
330,330,B8rWC70PD8EmWn_wxHZO_A,0x2qB4R790SX3W4W8FQuWA,4,1,0,1
331,331,mlnSOJBxe-BI5KGOSS4jgQ,0x2qB4R790SX3W4W8FQuWA,5,3,0,0
332,332,YmfwxHZPQrIPeO_3Ng4KJg,0x2qB4R790SX3W4W8FQuWA,5,1,0,1
333,333,O5r84O523a68O8oDcfcYOQ,0x2qB4R790SX3W4W8FQuWA,5,1,0,0
334,334,YvqFcX5s0cHhqAFrXvNOHw,0x2qB4R790SX3W4W8FQuWA,5,0,0,1
335,335,bpgbVPJcG-wQ4cNBcPPIxw,0x2qB4R790SX3W4W8FQuWA,4,10,6,9
336,336,0-PXoYFoipqPKBPwtuv6qw,0x2qB4R790SX3W4W8FQuWA,2,1,0,0
337,337,FfqZ1lJrg37fbkh-BU3y_w,0x2qB4R790SX3W4W8FQuWA,5,0,0,0
338,338,4W-ZU-E82HWWUNNk9tfN6g,0x2qB4R790SX3W4W8FQuWA,4,0,0,0
339,339,1MNhUj_3b5ucpg0LIARrVQ,0x2qB4R790SX3W4W8FQuWA,5,1,0,1
340,340,d_TBs6J3twMy9GChqUEXkg,0x2qB4R790SX3W4W8FQuWA,4,3,1,2
341,341,AsSz6hfCcgICRCBOaot3Rw,0x2qB4R790SX3W4W8FQuWA,4,0,0,0
342,342,M8M8R8QPXW70Hu8otCh1Kw,0x2qB4R790SX3W4W8FQuWA,1,0,0,0
343,343,tRY6Y1sVehnJ2h3IsHcbnQ,0x2qB4R790SX3W4W8FQuWA,4,1,0,1
344,344,DZOA0yCbH4kDS0s-dHXWFg,0x2qB4R790SX3W4W8FQuWA,5,2,1,2
345,345,xbxmmu1HIjnbfpoePTel2g,0x2qB4R790SX3W4W8FQuWA,3,1,1,0
346,346,ghC_-3uK25V9pcmixuWatw,0x2qB4R790SX3W4W8FQuWA,3,1,1,0
347,347,ctXFXk9-m6PCMoI-Nz2_XQ,0x2qB4R790SX3W4W8FQuWA,4,4,1,2
348,348,rwso2AiE7FsIh5476GceAw,0x2qB4R790SX3W4W8FQuWA,5,1,0,0
349,349,TPp1sJ4DO5_kBoUk30bFRQ,0x2qB4R790SX3W4W8FQuWA,5,0,0,0
350,350,XJYFjbH-oTmu2dATTqyauQ,0x2qB4R790SX3W4W8FQuWA,4,1,1,1
351,351,_5c4SlvfXoRo2UfWe1HBHQ,0x2qB4R790SX3W4W8FQuWA,4,0,0,0
352,352,#NAME?,0x2qB4R790SX3W4W8FQuWA,3,0,0,1
353,353,15Yrx7yqhGp-uUc5ghCcUg,0x2qB4R790SX3W4W8FQuWA,4,2,0,0
354,354,6lM1HKjrQQg0CEGvy3g3_A,0x2qB4R790SX3W4W8FQuWA,5,0,0,0
355,355,Um8GKawy4nm_qEdO3q13QQ,0x2qB4R790SX3W4W8FQuWA,5,0,0,0
356,356,v85lhe1D9nYP8EKcoqJH2w,0x2qB4R790SX3W4W8FQuWA,5,7,1,3
357,357,hWDybu_KvYLSdEFzGrniTw,6BrKLGjSRWnljut67Zmn2A,4,1,1,1
358,358,xhlcoVm3FOKcxZ0phkdO6Q,6BrKLGjSRWnljut67Zmn2A,4,0,2,0
359,359,Xs6qlsODFjZTmmmr26klvA,6BrKLGjSRWnljut67Zmn2A,2,0,0,0
360,360,LURC3E0DoXYgN9aYTF3XOg,2PqCZxon6AZHJrQ5iam4LA,2,1,0,0
361,361,W1Nl6_R7amuZ6NStXI3uBA,2PqCZxon6AZHJrQ5iam4LA,1,1,0,0
362,362,hutJzKEYHuVq6CP-XSARgg,2PqCZxon6AZHJrQ5iam4LA,2,0,0,0
363,363,jnB_saJqNfOmVoCWquhAzg,48F3297iwp-CGQgzwatQbQ,3,0,0,0
364,364,UhlXS6NdA5k4SRunpcKHJw,48F3297iwp-CGQgzwatQbQ,3,0,0,2
365,365,pMefTWo6gMdx8WhYSA2u3w,48F3297iwp-CGQgzwatQbQ,2,0,0,1
366,366,5BR9hKJlIsyy1_6sQl8GmA,2Ql9YdeQstF79FLZyypDWQ,4,0,0,0
367,367,u2Toezhsy3k72RyAdGLCHQ,2Ql9YdeQstF79FLZyypDWQ,4,0,0,0
368,368,istym9W558wDgC8kfcmy9g,2Ql9YdeQstF79FLZyypDWQ,5,0,0,0
369,369,84pTTnUsbWK_4twG2y25yA,2Ql9YdeQstF79FLZyypDWQ,4,0,0,0
370,370,kc-rnN-ndnFTdHG4TfIgeQ,4P1h3LKaCkgQL5dSy5d9gw,1,3,7,3
371,371,4Xwo12Uxb0EPmHMe5rgHMA,4P1h3LKaCkgQL5dSy5d9gw,5,0,1,1
372,372,Oay68SoCl5BcM4XAbt47zw,4P1h3LKaCkgQL5dSy5d9gw,1,5,7,5
373,373,3GmwPdifNs2YtnPndk2Iyg,4P1h3LKaCkgQL5dSy5d9gw,1,0,0,0
374,374,P62mnZoGVfnMGBF6OhjySQ,4P1h3LKaCkgQL5dSy5d9gw,3,1,2,1
375,375,PQqXijgnlNifNiIyYYX8DQ,4P1h3LKaCkgQL5dSy5d9gw,4,3,0,3
376,376,zRRurs5wB7er42zvPktv9w,4P1h3LKaCkgQL5dSy5d9gw,1,5,6,5
377,377,dIIKEfOgo0KqUfGQvGikPg,4P1h3LKaCkgQL5dSy5d9gw,3,9,5,6
378,378,q5zFC4BW1xnIILAZNwbk1g,4P1h3LKaCkgQL5dSy5d9gw,1,1,4,1
379,379,UmXzwFM2OkZHWJ5cJZlqkg,4P1h3LKaCkgQL5dSy5d9gw,2,19,23,19
380,380,Iovy9ItislQQuQQVYHR1ng,4P1h3LKaCkgQL5dSy5d9gw,1,1,4,1
381,381,ucSbA_gEtgEYeU-2Hr1MHA,4P1h3LKaCkgQL5dSy5d9gw,1,1,1,1
382,382,ded5BL8L5d5GsiBKqcJmRQ,4P1h3LKaCkgQL5dSy5d9gw,5,2,0,2
383,383,3xhIAIzNPhFAp24U3oCB1Q,4P1h3LKaCkgQL5dSy5d9gw,3,0,0,0
384,384,AIQStrUDl0kA9KxJlU2VNw,4P1h3LKaCkgQL5dSy5d9gw,5,1,0,1
385,385,CAshvtJZZSHySUQHqzlKgg,4P1h3LKaCkgQL5dSy5d9gw,5,1,3,1
386,386,epY-pU8xCZCAiZKzr-BOoQ,4P1h3LKaCkgQL5dSy5d9gw,3,1,0,0
387,387,sYQyXDjGaJj7wfaqz5u8KQ,4P1h3LKaCkgQL5dSy5d9gw,3,3,5,1
388,388,YORJi2JtQg5Mo4nmKOXzag,4P1h3LKaCkgQL5dSy5d9gw,5,8,16,8
389,389,iQWPdBdZ0YH0EzZ89pFsdw,4P1h3LKaCkgQL5dSy5d9gw,4,0,1,0
390,390,URj-FXqRV8UYVjs8EgaQQA,4P1h3LKaCkgQL5dSy5d9gw,3,3,2,2
391,391,xH-vP1j0jR_BEdWcBkjDQg,4P1h3LKaCkgQL5dSy5d9gw,3,0,0,0
392,392,nZcvhWmyQ73TiFDxyGmuAQ,4P1h3LKaCkgQL5dSy5d9gw,4,0,0,0
393,393,Df2qZ03Mjgl1NqprgWXcgA,4P1h3LKaCkgQL5dSy5d9gw,4,2,3,2
394,394,DPldvSGto59lJadlRxpmrw,4P1h3LKaCkgQL5dSy5d9gw,4,0,1,0
395,395,PPModBxbj33gAZzxivPf-g,4P1h3LKaCkgQL5dSy5d9gw,1,2,2,2
396,396,Uj4HTvelP7wnrAJOY803sQ,4P1h3LKaCkgQL5dSy5d9gw,4,3,0,3
397,397,DWbcEKJDBR6vPaNxb00sgw,4P1h3LKaCkgQL5dSy5d9gw,3,6,5,4
398,398,uar1t8Hf08KK1LyicQ49tg,4P1h3LKaCkgQL5dSy5d9gw,1,3,2,1
399,399,sz_hey55GUH1N_nmIWN66w,4P1h3LKaCkgQL5dSy5d9gw,1,0,0,0
400,400,CyAl5D-GjX-ZtqdQqG4_ew,4P1h3LKaCkgQL5dSy5d9gw,2,0,1,1
401,401,HxTg2mFLBkrKmnE4tK0wSg,4P1h3LKaCkgQL5dSy5d9gw,2,2,2,2
402,402,oc3u68ugJlAP__025Ji2fw,4P1h3LKaCkgQL5dSy5d9gw,4,0,0,0
403,403,hfuhalehYPI89JCRSW1mSA,4P1h3LKaCkgQL5dSy5d9gw,3,2,0,1
404,404,WPw0LDmsT5HLc5itX8YLVA,4P1h3LKaCkgQL5dSy5d9gw,1,2,5,2
405,405,045lA8joqI1vPm0wLgZPKw,4P1h3LKaCkgQL5dSy5d9gw,3,4,5,3
406,406,lhMbqVA5qsMB7nkVJXiI3A,4P1h3LKaCkgQL5dSy5d9gw,2,2,0,2
407,407,Q9NlyapDA97_NA0qaq8w0A,4P1h3LKaCkgQL5dSy5d9gw,3,2,5,2
408,408,Ia79K1avxZPlDSd6oS1JnA,4P1h3LKaCkgQL5dSy5d9gw,3,0,0,0
409,409,0lDl1Jg1Qz2KhvkfJKk6fw,4P1h3LKaCkgQL5dSy5d9gw,3,0,0,0
410,410,VfZ62dxri2CxsSBXgrzqsg,4P1h3LKaCkgQL5dSy5d9gw,5,3,10,4
411,411,duymKKwUruH8GwbvcaFd0w,4P1h3LKaCkgQL5dSy5d9gw,4,1,0,0
412,412,9xCdyIxzfV6J-Out6XR2FA,4P1h3LKaCkgQL5dSy5d9gw,2,2,3,2
413,413,uqJ0kCrmZOEZzbt4qV3ODA,4P1h3LKaCkgQL5dSy5d9gw,1,5,5,4
414,414,8lL-554wLEOxCrroFa4aeg,4P1h3LKaCkgQL5dSy5d9gw,5,2,3,2
415,415,s54HLJNqNPGhY9UppWrlqg,4P1h3LKaCkgQL5dSy5d9gw,4,2,0,2
416,416,FOBRPlBHa3WPHFB5qYDlVg,4P1h3LKaCkgQL5dSy5d9gw,4,2,0,2
417,417,85gI4BQZ9zMtqkQ33niGWw,4P1h3LKaCkgQL5dSy5d9gw,3,4,3,4
418,418,2dwGSzILaZK8rysR-oFoXw,4P1h3LKaCkgQL5dSy5d9gw,1,2,2,2
419,419,8s57wy5KkaqsnOzH4I_upg,4P1h3LKaCkgQL5dSy5d9gw,3,0,4,0
420,420,Yej5B4nd8PqpHMQcmCTDrg,4P1h3LKaCkgQL5dSy5d9gw,3,1,1,0
421,421,UVxY0iyPaqY7s4BSFtt-xA,4P1h3LKaCkgQL5dSy5d9gw,3,3,3,3
422,422,UMBw5PrPlZqfyvUlKeYJvg,4P1h3LKaCkgQL5dSy5d9gw,3,2,0,1
423,423,viPEgKloEjbVhZRTu8ME_A,4P1h3LKaCkgQL5dSy5d9gw,5,1,0,3
424,424,z45-iwIBeN0DIRxBaJRB2w,4P1h3LKaCkgQL5dSy5d9gw,3,2,0,2
425,425,YrAvAU68l_A0X6n6XHhH-w,4P1h3LKaCkgQL5dSy5d9gw,4,1,0,1
426,426,BVNGCN6gKvdlhYePgmJjKw,7vXXRslK05EyPoRVMqtzdA,5,0,0,0
427,427,NLEkvrY7p68ssmzCy84X8A,7vXXRslK05EyPoRVMqtzdA,5,0,0,0
428,428,vWsGB0TVwGJfOC1x7WqiJQ,7vXXRslK05EyPoRVMqtzdA,5,0,0,0
429,429,OkXuwNTCLNdOi-chPJaNSQ,8KWWHywMjN-154i_Qi0deQ,1,0,0,0
430,430,DPzchvKxid1XL6-XA6wzQw,8KWWHywMjN-154i_Qi0deQ,5,4,1,1
431,431,X_teIy8TX3_mlBMuK5Hj-w,8KWWHywMjN-154i_Qi0deQ,4,4,0,2
432,432,0ygVMZZAaw2DKBGptbuWNw,8KWWHywMjN-154i_Qi0deQ,4,8,6,4
433,433,QvacYYZzeD57a7oN4ZuoRQ,8KWWHywMjN-154i_Qi0deQ,2,2,1,2
434,434,QQoZeJszS2mWhMRcs5og4Q,8KWWHywMjN-154i_Qi0deQ,3,8,3,2
435,435,Dblp5OGCcUWTRnE-KVwcXw,8KWWHywMjN-154i_Qi0deQ,4,6,3,0
436,436,b62O4hVwS1pr3d3LbmN49w,8KWWHywMjN-154i_Qi0deQ,3,0,0,0
437,437,asoMD67RegPXt1FUSRdz5Q,8KWWHywMjN-154i_Qi0deQ,2,0,0,0
438,438,1-0K54tp4ig3lYjd1eRF_g,8KWWHywMjN-154i_Qi0deQ,1,2,1,1
439,439,lQwA5mR3pkGRbMMFjn9JBg,8KWWHywMjN-154i_Qi0deQ,5,2,0,1
440,440,wQ0sfn7h5n99Hhpbyg-TYA,8KWWHywMjN-154i_Qi0deQ,3,14,12,4
441,441,o3zAtdg9gUTe1XNrBoA-0g,8KWWHywMjN-154i_Qi0deQ,5,0,0,0
442,442,8UxjgfdSt6nFTLrcU6dtyw,8KWWHywMjN-154i_Qi0deQ,1,1,1,1
443,443,butFGaLbGSgbcxeTwEhMdQ,8KWWHywMjN-154i_Qi0deQ,5,1,0,2
444,444,MFDRstdGCO__WP3SDPqZ1Q,8KWWHywMjN-154i_Qi0deQ,5,4,0,0
445,445,eRxrNZLG7Ig5me2OJWn_qQ,8KWWHywMjN-154i_Qi0deQ,4,1,0,0
446,446,fH1TpgVyMuQcColrknmbZA,3wJ4kJsJhayyfJ30HsS04g,3,3,1,0
447,447,2mKI7s51PD-W5t8CrCRjNA,3wJ4kJsJhayyfJ30HsS04g,4,1,0,0
448,448,q6eks8g-8ve1AXMh1MTKJA,3wJ4kJsJhayyfJ30HsS04g,3,0,0,0
449,449,bpgbVPJcG-wQ4cNBcPPIxw,3wJ4kJsJhayyfJ30HsS04g,4,3,3,3
450,450,4W-ZU-E82HWWUNNk9tfN6g,3wJ4kJsJhayyfJ30HsS04g,2,2,1,0
451,451,WcLp2MB0EloBPPEc5RDUAw,3wJ4kJsJhayyfJ30HsS04g,1,0,0,0
452,452,nie-JYFTdUp04tlH527SDQ,3wJ4kJsJhayyfJ30HsS04g,1,1,0,0
453,453,gCp21sfvL6HnQOvapeV7sw,3wJ4kJsJhayyfJ30HsS04g,5,4,0,2
454,454,ugSIAOFv9JmtTXqaE9YYzg,3wJ4kJsJhayyfJ30HsS04g,5,3,0,1
455,455,1Um9miKfoRVLDoM0dldN1Q,3wJ4kJsJhayyfJ30HsS04g,5,1,1,1
456,456,KFQJvl2ZfGZP44QuKr-0mQ,3wJ4kJsJhayyfJ30HsS04g,5,0,0,0
457,457,JHCs-fyEMnKjWQkQvRSORQ,3wJ4kJsJhayyfJ30HsS04g,1,0,0,0
458,458,4pCvRmbz0jHoeo4kPisdCg,3wJ4kJsJhayyfJ30HsS04g,1,1,0,0
459,459,7jw2VAbnGkr0GF6evuvViQ,3wJ4kJsJhayyfJ30HsS04g,2,2,0,0
460,460,79uQM6mAgJJcmYRtMO_u1Q,3wJ4kJsJhayyfJ30HsS04g,2,0,0,0
461,461,WqpKT326WaUNqkibEjs7lQ,3wJ4kJsJhayyfJ30HsS04g,5,0,0,0
462,462,DFgGYfDFY1RxiWjxgV85lA,3wJ4kJsJhayyfJ30HsS04g,4,0,0,0
463,463,XzTkP0BJfEGwXpBssyrb6A,3wJ4kJsJhayyfJ30HsS04g,1,2,0,0
464,464,TwErSmI2nOF0UqXZ2tUDfQ,3wJ4kJsJhayyfJ30HsS04g,2,0,1,0
465,465,zHU5uBo_UMGao4wwwiTOfA,3wJ4kJsJhayyfJ30HsS04g,5,0,0,0
466,466,TZPd84Z7ATl5DqvTVJxDFw,3wJ4kJsJhayyfJ30HsS04g,4,0,0,0
467,467,SzcrUoOdo5LSy98sIgj0lA,3wJ4kJsJhayyfJ30HsS04g,4,0,0,0
468,468,OVFFbN9ij5wFL3UQLhT3pA,3wJ4kJsJhayyfJ30HsS04g,1,0,0,0
469,469,qIXsNpNm1x2CGNGgNEhNbA,19jV_YngqOH0h40IxItUKA,4,0,0,0
470,470,QuZbJquRtbY9O9JrB9NpxQ,19jV_YngqOH0h40IxItUKA,2,10,8,8
471,471,9KIGNO7qJ6366VBAzO0Npw,19jV_YngqOH0h40IxItUKA,1,3,1,2
472,472,pKn_H1nkgrwJS6TuHODsvQ,19jV_YngqOH0h40IxItUKA,3,8,4,6
473,473,sNTvnH0l_GR1O8ZRCniUCA,0xbfoylmBOjoKKYDwawTkw,1,7,1,1
474,474,QjEHA4t7BovzKVeH8TzT2A,0xbfoylmBOjoKKYDwawTkw,1,3,3,3
475,475,vJU7VP831iKtwdwdD49MWw,0xbfoylmBOjoKKYDwawTkw,3,3,1,1
476,476,9NKn7Pbq23u8yfR08y1BDg,0xbfoylmBOjoKKYDwawTkw,4,1,1,1
477,477,sm_UfNstcaknjAY1h1rvPw,0xbfoylmBOjoKKYDwawTkw,3,7,6,5
478,478,N8KY5W3UXAZrAGMYO2IDFw,0xbfoylmBOjoKKYDwawTkw,4,4,1,4
479,479,qD51vvp5Zf5DgPEGy7yfDQ,0xbfoylmBOjoKKYDwawTkw,3,4,7,4
480,480,YvYr6FhVnzGEP7WVYoWUJw,0xbfoylmBOjoKKYDwawTkw,5,2,1,1
481,481,l-B4axUNxQ9FVVxeQm8t2A,0xbfoylmBOjoKKYDwawTkw,1,5,6,3
482,482,4nk5Wn4ElB2oanaKscQ8pQ,0xbfoylmBOjoKKYDwawTkw,5,1,0,1
483,483,3z_lLQl_4gzIgaQu1_K9LA,0xbfoylmBOjoKKYDwawTkw,4,2,1,1
484,484,I1vJAnZ3-hUcD9gE8m00_g,0xbfoylmBOjoKKYDwawTkw,4,0,0,0
485,485,PgrCdD3iPgYzXxO8QsMnew,0xbfoylmBOjoKKYDwawTkw,3,1,1,1
486,486,HztdZr0Xb8yjDalXPqWXBA,0xbfoylmBOjoKKYDwawTkw,5,1,1,1
487,487,9Im5TKUWLoMHBemYDdw7JQ,0xbfoylmBOjoKKYDwawTkw,3,1,1,1
488,488,-0IiMAZI2SsQ7VmyzJjokQ,0xbfoylmBOjoKKYDwawTkw,3,6,3,3
489,489,zNaDJXGjGro-kwu37h4e3A,0xbfoylmBOjoKKYDwawTkw,5,4,2,6
490,490,NpO0alALTeykMh1GmJfxMQ,0xbfoylmBOjoKKYDwawTkw,2,5,1,4
491,491,OTRxfMCtfrbUemIigxCaOg,0xbfoylmBOjoKKYDwawTkw,3,0,1,0
492,492,TeHp5f1KY_7Mh-swUWSjuA,0xbfoylmBOjoKKYDwawTkw,3,9,4,11
493,493,v65s1beaC6UmT_beUJ0Jmg,0xbfoylmBOjoKKYDwawTkw,1,4,3,3
494,494,3cC726zwgerKNNasnidAww,0xbfoylmBOjoKKYDwawTkw,2,3,3,2
495,495,5NDk-q5mv8PIDvz83HwMVg,0xbfoylmBOjoKKYDwawTkw,1,3,1,2
496,496,6cmLcsKtyzDwPvkYckD3hg,0xbfoylmBOjoKKYDwawTkw,3,1,1,1
497,497,DwIetk5y9m6AypCjPux6RQ,0xbfoylmBOjoKKYDwawTkw,4,3,2,2
498,498,Q4Qfu-3vYtL1LRm2X1b0Gg,0xbfoylmBOjoKKYDwawTkw,2,5,4,5
499,499,UkCKpbtAp0odLmMNXz6M-Q,0xbfoylmBOjoKKYDwawTkw,4,1,1,1
500,500,RBZ_kMjowV0t6_nv2UKaDQ,0xbfoylmBOjoKKYDwawTkw,3,8,3,3
501,501,CzPjZTdiRsNHew882g4eAw,0xbfoylmBOjoKKYDwawTkw,4,4,1,1
502,502,2muqQ2k4gFIdw_GRtojoJQ,0xbfoylmBOjoKKYDwawTkw,2,1,1,3
503,503,YpGt3hdq5adPlEFn9fQ2Zw,0xbfoylmBOjoKKYDwawTkw,5,10,11,7
504,504,l_twFfB9jCKnZtWuxGXq5Q,0xbfoylmBOjoKKYDwawTkw,1,2,1,1
505,505,vl6LSdRDoIU62HhTmKfOtA,0xbfoylmBOjoKKYDwawTkw,1,4,1,2
506,506,SsYDYuT792irBRoGpcOmrA,0xbfoylmBOjoKKYDwawTkw,4,2,1,1
507,507,MVvWOlVgOfRAtP41-A-g2w,0xbfoylmBOjoKKYDwawTkw,5,5,1,4
508,508,YKNsFxoj6lGR7Sm2do7XSw,0xbfoylmBOjoKKYDwawTkw,4,1,1,1
509,509,n9-XwgSU74qTFdTCN5oreQ,0xbfoylmBOjoKKYDwawTkw,5,1,1,1
510,510,ziOuW2AXQ8A84fDbIqosiA,0JKOkyQhx53MD6MvzRPz3g,1,0,0,0
511,511,7PiRdxYF-Uvzn2fHqdtU1Q,0JKOkyQhx53MD6MvzRPz3g,4,1,0,0
512,512,3gRfkaVcEWri-Ju7OQX7uQ,0JKOkyQhx53MD6MvzRPz3g,4,0,0,0
513,513,LaO4FZ2yPbqRjlv6QoaUJQ,GB24VOqMSaZJrIYfrRMlIw,4,1,0,0
514,514,P88FbzC7158znUGsJYcXkg,GB24VOqMSaZJrIYfrRMlIw,4,1,0,0
515,515,CA1N8B5ZkSiUJeOXYcWImg,GB24VOqMSaZJrIYfrRMlIw,5,2,2,2
516,516,1tichW6UOzetCnGpxdlfNw,GB24VOqMSaZJrIYfrRMlIw,1,0,0,0
517,517,fCy3NDnKVRHC9rfUfqA3qA,GB24VOqMSaZJrIYfrRMlIw,5,0,0,0
518,518,lJsV5pxonVoCFvCkc0XhJQ,GB24VOqMSaZJrIYfrRMlIw,1,0,0,0
519,519,InkgaUH9iMHpPxaJ5C3Gjg,9JTkh1D7u9fRBohglQRL0w,1,0,0,0
520,520,dKCEIzXWKjQoorZ4R6PBvg,9JTkh1D7u9fRBohglQRL0w,1,0,0,0
521,521,ZasN7qslGrIlAuOP1mTDuA,9JTkh1D7u9fRBohglQRL0w,4,0,0,0
522,522,buq0gUjVqYjS-AuzBvvTzw,9JTkh1D7u9fRBohglQRL0w,2,0,0,0
523,523,ffPY_bHX8vLebHu8LBEqfg,9JTkh1D7u9fRBohglQRL0w,4,1,0,0
524,524,yKF3gzA8MxJO54RA-S2Uxg,9JTkh1D7u9fRBohglQRL0w,1,0,0,0
525,525,MU7_vY0ObosoJX_tJGD2WA,DaYA84gx1p7TvtsW14NuAw,3,1,0,0
526,526,H2cghQJwwannsaQzjOiZlg,DaYA84gx1p7TvtsW14NuAw,3,0,0,1
527,527,CxDOIDnH8gp9KXzpBHJYXw,DaYA84gx1p7TvtsW14NuAw,2,1,0,1
528,528,7-WeMrvOxCH3oJfEWkC5rw,DaYA84gx1p7TvtsW14NuAw,3,1,1,2
529,529,HNsPd1ieGqZ3lvpjDhcd3A,DaYA84gx1p7TvtsW14NuAw,3,0,0,0
530,530,TgY-r60ug02xWCIZn0Ltmg,DaYA84gx1p7TvtsW14NuAw,4,0,0,0
531,531,IgPXs-Vpd3p_POXau4szFg,DaYA84gx1p7TvtsW14NuAw,4,2,0,1
532,532,xVV86BToDOQGxE1gt9MMvg,DaYA84gx1p7TvtsW14NuAw,2,0,1,0
533,533,p7KpwlPgfpUPQGeD-8bCvw,DaYA84gx1p7TvtsW14NuAw,4,0,0,0
534,534,C8W0VzsXaTg4YvciNTy3bg,DaYA84gx1p7TvtsW14NuAw,3,0,0,1
535,535,tDG1lcKXsMDdoepTeoriXA,2hkQ5S6L_D7yX3pWtPw2Ww,5,0,0,0
536,536,t8c8345b1OMGn_OCtfX81w,2hkQ5S6L_D7yX3pWtPw2Ww,5,0,0,0
537,537,KR8wn-WexYfU-zeVkV-9TA,2hkQ5S6L_D7yX3pWtPw2Ww,5,0,0,0
538,538,kWGLlUBK93f4PdRMVVUe1g,2hkQ5S6L_D7yX3pWtPw2Ww,5,0,0,0
539,539,oxhATw51doAx5z-2H0h2Qg,2hkQ5S6L_D7yX3pWtPw2Ww,5,0,0,0
540,540,tOplTv2njld2dzMe7qdTvw,2hkQ5S6L_D7yX3pWtPw2Ww,5,0,0,0
541,541,ww4tDDd-k2RgsR2Aun9LNQ,2hkQ5S6L_D7yX3pWtPw2Ww,5,0,0,0
542,542,J_-69KRB_HcMC5jCC1jLxg,2hkQ5S6L_D7yX3pWtPw2Ww,5,0,0,0
543,543,8RBJh17tDHg4pjmFClDnng,2hkQ5S6L_D7yX3pWtPw2Ww,5,1,1,1
544,544,3AcEIPaFZj5w6oIsXJrvsA,2hkQ5S6L_D7yX3pWtPw2Ww,5,0,0,0
545,545,IjuWYd2LnkdIQ3EpRG_-mw,2hkQ5S6L_D7yX3pWtPw2Ww,5,0,0,0
546,546,uNxXIIFzjHm5r62UTyVjrQ,2hkQ5S6L_D7yX3pWtPw2Ww,5,1,1,1
547,547,RU4GrTAS35hghwXkSSmeFQ,2hkQ5S6L_D7yX3pWtPw2Ww,5,0,0,0
548,548,zO_3GUV2fuQ0Ll8816BqFw,2hkQ5S6L_D7yX3pWtPw2Ww,4,0,0,0
549,549,_OjMTsRnN8-JlqyRnjQM3w,2hkQ5S6L_D7yX3pWtPw2Ww,5,0,0,0
550,550,FLZDQWWr2UCwuyFbfVKs8A,2hkQ5S6L_D7yX3pWtPw2Ww,5,0,0,0
551,551,gscvcKJpOy8uILqYp-gdHQ,1J4JklvKtxdZEQ4wJM0j6Q,5,0,0,0
552,552,pvShPg1B5fr4-ujEF2Lhtw,1J4JklvKtxdZEQ4wJM0j6Q,3,5,0,0
553,553,1SW2_cvk-dM1TGI2l1RIjA,1J4JklvKtxdZEQ4wJM0j6Q,5,0,0,0
554,554,r0NDMNgZynIkEMjTqvpQNQ,1J4JklvKtxdZEQ4wJM0j6Q,5,0,0,0
555,555,lmA2djAKkBDRXcnqAeIv_A,1J4JklvKtxdZEQ4wJM0j6Q,2,0,0,0
556,556,JNueGUEcXPh4Ati1lAVLOA,1J4JklvKtxdZEQ4wJM0j6Q,2,0,0,0
557,557,LHPQOJZoNa8HOzqgzILlXQ,1J4JklvKtxdZEQ4wJM0j6Q,4,0,0,0
558,558,PyWG8CyHlMY_8zlanXafuQ,1J4JklvKtxdZEQ4wJM0j6Q,5,0,0,0
559,559,ePmJelpBgGEUOqh9R9N8YQ,1J4JklvKtxdZEQ4wJM0j6Q,3,0,0,0
560,560,kA_5--k-dXwaQeDW0KNKjg,1J4JklvKtxdZEQ4wJM0j6Q,1,0,0,0
561,561,rC9CSEHFh8YLaHrEVfLISw,1J4JklvKtxdZEQ4wJM0j6Q,4,0,0,0
562,562,H1GRc-yXf43AVGy46J8Izw,1J4JklvKtxdZEQ4wJM0j6Q,4,0,0,0
563,563,BQ3FMt1iCWRqN7rah4JMUQ,1J4JklvKtxdZEQ4wJM0j6Q,5,0,0,0
564,564,YTvlj6fMOl92gIwcK7_x3g,1J4JklvKtxdZEQ4wJM0j6Q,4,0,0,0
565,565,OZ1fqJHcXSLk0wEBUe1HTw,1J4JklvKtxdZEQ4wJM0j6Q,5,0,0,0
566,566,qCp__wZWBkr9M05WUYoKzg,1J4JklvKtxdZEQ4wJM0j6Q,4,0,0,0
567,567,vFVrVaPJY8cP_ImFUCnJfw,1J4JklvKtxdZEQ4wJM0j6Q,5,0,0,0
568,568,7CgjeKWjO4-hkp-WskP3cQ,1J4JklvKtxdZEQ4wJM0j6Q,5,0,0,0
569,569,lDbITzXjjkXYBXQ--RZwQQ,1J4JklvKtxdZEQ4wJM0j6Q,5,0,0,0
570,570,-RfvBySueH9_-4QkSgcxtA,1J4JklvKtxdZEQ4wJM0j6Q,5,0,0,0
571,571,Z4WuTiuKXB-J175k_IHY3g,1J4JklvKtxdZEQ4wJM0j6Q,4,1,0,1
572,572,nNYGRXTVor5shnSrDma1xw,1J4JklvKtxdZEQ4wJM0j6Q,5,0,0,0
573,573,0Ox22rxRWWs-NjFHrvyPeA,1J4JklvKtxdZEQ4wJM0j6Q,4,0,0,0
574,574,mj3YMQTR224_DQ6X8AuI9A,1J4JklvKtxdZEQ4wJM0j6Q,2,0,0,0
575,575,fDNTHWWGqi7aUB75tBrgIQ,1J4JklvKtxdZEQ4wJM0j6Q,5,0,0,0
576,576,Jh1NJjzj-QQuUyn1CYnjhA,1J4JklvKtxdZEQ4wJM0j6Q,5,0,0,0
577,577,CfndnZ73-asHAOy6OgQOBQ,1J4JklvKtxdZEQ4wJM0j6Q,2,0,0,0
578,578,nZIO_vTR77gtkCXddOMUIw,1J4JklvKtxdZEQ4wJM0j6Q,5,0,0,0
579,579,Rz54fUfeqFCJ7i8HU0yTRA,2TP8uQkMDo7Av5ATNJtI9Q,1,2,0,0
580,580,IBZMvu2dTKy-j23qCJgVWQ,2TP8uQkMDo7Av5ATNJtI9Q,4,2,2,2
581,581,ZtyZp-_SeCMZzM_42eSTNw,2TP8uQkMDo7Av5ATNJtI9Q,4,0,0,0
582,582,q6XnQNNOEgvZaeizUgHTSw,2TP8uQkMDo7Av5ATNJtI9Q,2,2,0,0
583,583,bSnLSfsQoSOBBBEJB1WQiw,2hHtmzmY4glqGYYGr2MQjQ,5,0,0,0
584,584,Y3PQ5P_R7jcgiIS_1dIv-w,2hHtmzmY4glqGYYGr2MQjQ,5,4,1,3
585,585,IMkif9yrPAxj-0-nrrgTBA,2hHtmzmY4glqGYYGr2MQjQ,5,2,0,2
586,586,U4INQZOPSUaj8hMjLlZ3KA,2hHtmzmY4glqGYYGr2MQjQ,5,3,1,2
587,587,bLbSNkLggFnqwNNzzq-Ijw,2hHtmzmY4glqGYYGr2MQjQ,3,2,6,2
588,588,5nd7vqJIfeXTtn98Itvzig,6Rrlg6hnM0ir7ijhKG2ybA,1,0,0,0
589,589,IObiq9FtiYOFBDEClFXoaA,6Rrlg6hnM0ir7ijhKG2ybA,4,0,0,0
590,590,bKpgt3ZsCJY50Sf_coZ73w,6Rrlg6hnM0ir7ijhKG2ybA,2,1,0,0
591,591,tKKu9Cl4nFpumc23t-Cvzg,6Rrlg6hnM0ir7ijhKG2ybA,1,1,0,1
592,592,wN7jGqK_ZpB9KoYSAUyr0g,6Rrlg6hnM0ir7ijhKG2ybA,4,0,0,0
593,593,hwociyWCrzCTU6VOUx6WQA,6Rrlg6hnM0ir7ijhKG2ybA,2,2,0,0
594,594,KIt2_8FHDmDBApPvzDVgrA,6Rrlg6hnM0ir7ijhKG2ybA,3,0,0,0
595,595,e-1gwrBbJ0UUk_iMU2l7Qw,6Rrlg6hnM0ir7ijhKG2ybA,1,0,2,0
596,596,udtJ__NT2o7WepM_ljoGXA,6Rrlg6hnM0ir7ijhKG2ybA,5,0,0,0
597,597,oeN8PWWdpdRW0HeCBypkwA,6Rrlg6hnM0ir7ijhKG2ybA,4,0,0,0
598,598,VS6hYqFnqhrtQEcJ96sbMw,6Rrlg6hnM0ir7ijhKG2ybA,4,0,0,0
599,599,9oFyWfkrDe5E4G_rWmVcYA,6Rrlg6hnM0ir7ijhKG2ybA,4,1,0,0
600,600,Ey_vD4MQwbWbGiEoBZ_QVQ,6Rrlg6hnM0ir7ijhKG2ybA,4,0,0,0
601,601,wku4DoyLzZBnPV-ZOKwojg,6Rrlg6hnM0ir7ijhKG2ybA,4,0,0,0
602,602,jfGevhcYLxY13Fa3drpzoA,6Rrlg6hnM0ir7ijhKG2ybA,2,2,0,0
603,603,zA8FkBuyUgd68NoUSL12CQ,6Rrlg6hnM0ir7ijhKG2ybA,2,3,0,0
604,604,oRllQ-3FwSnZXt3sGNLsMQ,6Rrlg6hnM0ir7ijhKG2ybA,1,0,0,0
605,605,_jjbwHWLFA5GjWFWGLj4ZQ,6Rrlg6hnM0ir7ijhKG2ybA,3,4,3,0
606,606,B5BmRbPULPZqrBN8SxYNYw,6Rrlg6hnM0ir7ijhKG2ybA,3,0,0,0
607,607,Sbi2JAndStC8ND8X09_B6Q,6Rrlg6hnM0ir7ijhKG2ybA,3,2,0,0
608,608,OaN8UG7flab58O525eRsgQ,6Rrlg6hnM0ir7ijhKG2ybA,1,0,0,0
609,609,_VYSXWW5LLfAn4B4CUmXtg,6Rrlg6hnM0ir7ijhKG2ybA,5,1,0,1
610,610,lZjX4HTmzqUC3FSmdVs9lA,6Rrlg6hnM0ir7ijhKG2ybA,2,2,0,0
611,611,cVz8ZPsnXCzb_ovHv13LBA,6Rrlg6hnM0ir7ijhKG2ybA,5,3,0,0
612,612,fxTnYbDwtniGId6mRLD2vA,6Rrlg6hnM0ir7ijhKG2ybA,5,1,0,0
613,613,8Bdt9ApiagB_Mf38FntL5g,6Rrlg6hnM0ir7ijhKG2ybA,5,1,0,0
614,614,jyz8-hAPGRjurBVp9DST9A,6Rrlg6hnM0ir7ijhKG2ybA,2,5,2,2
615,615,CK-W4WhlmLKOZF-50WmmpQ,6Rrlg6hnM0ir7ijhKG2ybA,3,1,2,0
616,616,RTxqtwIbLsRxs8NmiXgNFQ,6Rrlg6hnM0ir7ijhKG2ybA,2,2,0,0
617,617,9hMqNBBpTl3lBy6qCAyu-A,6Rrlg6hnM0ir7ijhKG2ybA,4,1,0,0
618,618,vbe6VKvvOHn0BkqAhhmEmw,6Rrlg6hnM0ir7ijhKG2ybA,5,0,2,0
619,619,dt9IHwfuZs9D9LOH7gjNew,I03AuueyYV6vZwG1GQYokg,4,1,0,0
620,620,jqyCC_CE1KY6oSX8xD-FZg,I03AuueyYV6vZwG1GQYokg,3,1,2,0
621,621,vCQwFlexX13rpEEAAXf0Wg,I03AuueyYV6vZwG1GQYokg,1,1,0,0
622,622,rJi2YPK6uj4FtE8R7OFQcA,BWHQLGtC6rvCxCuuqFsFKA,4,0,0,1
623,623,CqkdpG2tkCPQA69umlAHsA,BWHQLGtC6rvCxCuuqFsFKA,4,0,1,1
624,624,DRUI4PylVx5jTj9Sdw7k-w,8yjGIa9pv2AWaWqxlt4DDA,4,0,0,0
625,625,6kvGowEk1AvUUwWHLkJyNg,8yjGIa9pv2AWaWqxlt4DDA,3,4,2,4
626,626,HRyFtrmf19GTKEM_kOa2pg,8yjGIa9pv2AWaWqxlt4DDA,2,2,1,2
627,627,8_l_zPhknNajjRQNnf-X2Q,8yjGIa9pv2AWaWqxlt4DDA,3,0,0,0
628,628,3FsR_Tw-M6QNyNXr2yQcaA,8yjGIa9pv2AWaWqxlt4DDA,1,1,1,1
629,629,09Jn_afJxwZ20eukds1nxA,8yjGIa9pv2AWaWqxlt4DDA,3,1,1,1
630,630,lRHKneipYlS2D87Qz-16aA,8yjGIa9pv2AWaWqxlt4DDA,4,0,0,0
631,631,BFdF7c4Ym8NXvvBYmN-NeA,8yjGIa9pv2AWaWqxlt4DDA,5,0,0,0
632,632,5jvSmFteDF5ghyTZ4D1PBg,8yjGIa9pv2AWaWqxlt4DDA,1,2,2,2
633,633,H3wPBzQCKCKiHcV7GZK4kg,8yjGIa9pv2AWaWqxlt4DDA,4,1,0,1
634,634,xYz73tiGiaRzQsOonXJ8Gw,8yjGIa9pv2AWaWqxlt4DDA,5,0,0,0
635,635,8DEyKVyplnOcSKx39vatbg,8yjGIa9pv2AWaWqxlt4DDA,4,3,0,2
636,636,sxIOFvvXs-geOdZCMHJV_Q,8yjGIa9pv2AWaWqxlt4DDA,2,2,1,1
637,637,bYE5X-TTejK1yVMdKfRYdA,8yjGIa9pv2AWaWqxlt4DDA,4,2,0,0
638,638,LltbT_fUMqZ-ZJP-vJ84IQ,8yjGIa9pv2AWaWqxlt4DDA,4,0,0,0
639,639,kmE8w5Y785eZmodsx0V6Ag,8yjGIa9pv2AWaWqxlt4DDA,5,5,2,4
640,640,iH_NNl_yGXYwnxmYYC2eeQ,8yjGIa9pv2AWaWqxlt4DDA,4,0,0,0
641,641,NLhVGk4D5ctF8sZ45kkmHg,8yjGIa9pv2AWaWqxlt4DDA,5,0,0,0
642,642,5wT0vDycEzgq95yVCZ60Aw,8yjGIa9pv2AWaWqxlt4DDA,4,1,0,2
643,643,GMbjp-DymTKnedxmVv9bXA,8yjGIa9pv2AWaWqxlt4DDA,4,0,0,0
644,644,J2sXNzMZQpnAtqAgIqVVIw,8yjGIa9pv2AWaWqxlt4DDA,2,1,1,2
645,645,EWQil1sWe23p9uoEU5AZlg,8yjGIa9pv2AWaWqxlt4DDA,3,1,1,1
646,646,aA3lKyCEUvZ5-JYovl7W5g,8yjGIa9pv2AWaWqxlt4DDA,4,0,0,0
647,647,PV0VEhlmhc2BjzMZEbpWlg,8yjGIa9pv2AWaWqxlt4DDA,4,1,0,1
648,648,gZ8BFs2NKVBTmFctgqhNhg,8yjGIa9pv2AWaWqxlt4DDA,3,0,0,0
649,649,6Y-l3x4LpUNhTBVMTFmTmA,8yjGIa9pv2AWaWqxlt4DDA,4,1,0,0
650,650,qd16czwFUVHICKF7A4qWsQ,8yjGIa9pv2AWaWqxlt4DDA,3,1,0,1
651,651,-7UURB-qhCeST2DGjjRyeQ,8yjGIa9pv2AWaWqxlt4DDA,5,0,0,0
652,652,o68A_3bAJTge-ioGXHdxKA,8yjGIa9pv2AWaWqxlt4DDA,3,0,0,0
653,653,mR1gI04swOCbouyUHPlcAg,8yjGIa9pv2AWaWqxlt4DDA,5,1,0,1
654,654,WQmsiMpsbLCQWjhsEhPIkw,8yjGIa9pv2AWaWqxlt4DDA,1,1,1,1
655,655,K5FrmVM70cJDbMiZ9ywMag,8yjGIa9pv2AWaWqxlt4DDA,5,1,0,1
656,656,eRcr37uzM5gLHgfgwEy7tw,8yjGIa9pv2AWaWqxlt4DDA,4,0,0,0
657,657,LjDSVQGLLiOO7NCfvmV_MQ,8yjGIa9pv2AWaWqxlt4DDA,5,1,0,1
658,658,lsZlV02ZdqEzR-qILdT7Cw,8yjGIa9pv2AWaWqxlt4DDA,3,1,0,1
659,659,0lCYr2gf5EPIFwlepq4h_w,8yjGIa9pv2AWaWqxlt4DDA,2,2,3,2
660,660,sD_uLJBHHozK-poMkY2l7w,8yjGIa9pv2AWaWqxlt4DDA,4,1,0,0
661,661,YORMpDXL2s7X1JD2iUAWtw,8yjGIa9pv2AWaWqxlt4DDA,5,1,1,1
662,662,PPYZQDoyQ4Wfg6oL80MVFQ,8yjGIa9pv2AWaWqxlt4DDA,5,0,0,0
663,663,tpc3v9TMrVi-w6MmtRCzwA,8yjGIa9pv2AWaWqxlt4DDA,1,1,2,1
664,664,C2C0GPKvzWWnP57Os9eQ0w,8yjGIa9pv2AWaWqxlt4DDA,3,1,0,1
665,665,K2dbYUIsKZ-tQdF5n47rQA,8yjGIa9pv2AWaWqxlt4DDA,4,0,0,0
666,666,ScVSkCSQLk0qipN4NT88pg,8yjGIa9pv2AWaWqxlt4DDA,1,0,0,0
667,667,QIrJKF0cJ04Vasv-rxOQ3Q,8yjGIa9pv2AWaWqxlt4DDA,2,3,0,1
668,668,0kLYM03OtK-qeVNrk3sUbQ,8yjGIa9pv2AWaWqxlt4DDA,5,0,0,0
669,669,Rj0FwcSHy2hr2eKnybQMkg,8yjGIa9pv2AWaWqxlt4DDA,4,1,0,0
670,670,z-8xqUAeP1A0-v_8pE4q5Q,8yjGIa9pv2AWaWqxlt4DDA,3,0,0,0
671,671,n78PhLGZAiBiQIErPNMn2g,8yjGIa9pv2AWaWqxlt4DDA,3,2,0,1
672,672,E9yRSEtayhAKwnje3B4lDA,8yjGIa9pv2AWaWqxlt4DDA,3,0,0,0
673,673,qewG3X2O4X6JKskxyyqFwQ,8yjGIa9pv2AWaWqxlt4DDA,2,12,4,5
674,674,sa5zd7bwBQzajQB48Y9SUw,8yjGIa9pv2AWaWqxlt4DDA,2,2,1,2
675,675,DczuUhJm6bg6mvMTgoBCqA,8yjGIa9pv2AWaWqxlt4DDA,4,0,0,0
676,676,ssz4_Rj8p1CLgO2WWnIoTA,8yjGIa9pv2AWaWqxlt4DDA,3,0,0,0
677,677,mV0f0WK7hp6YukuZMp57CA,8yjGIa9pv2AWaWqxlt4DDA,4,1,0,1
678,678,FAsoP7gzkDmFdP-eYuysmw,8yjGIa9pv2AWaWqxlt4DDA,3,1,1,1
679,679,OkZk0I2S6mcMOtjSP12U_A,1DedueD53YsKcpqMWPIe9w,3,0,0,0
680,680,8f9m9EdA6M5Jr-sqdPrc5A,1DedueD53YsKcpqMWPIe9w,4,0,0,0
681,681,oJl-C8UECsibhHS2dB8yzQ,1DedueD53YsKcpqMWPIe9w,2,2,0,0
682,682,XLwW5c_194tekHBy6ee7eg,1DedueD53YsKcpqMWPIe9w,5,0,0,0
683,683,qJfW5-Z890LfBV62xDqzUQ,1DedueD53YsKcpqMWPIe9w,5,6,1,0
684,684,lsabqVi48xglkCa2HaqAdA,1DedueD53YsKcpqMWPIe9w,5,0,0,0
685,685,2Ql0lEXOBBcCd9vvPlC67A,1DedueD53YsKcpqMWPIe9w,5,1,0,0
686,686,l_uh-MwztthPaGCHY-eQBg,1DedueD53YsKcpqMWPIe9w,3,0,0,0
687,687,Khd3IuzGe5cd1oKiOF_QjA,1DedueD53YsKcpqMWPIe9w,1,0,0,0
688,688,hNXLWWG5by_3FCmYJsXQMg,1DedueD53YsKcpqMWPIe9w,4,3,0,0
689,689,LNF5pDUmzTAeorTyuvzqRQ,1DedueD53YsKcpqMWPIe9w,4,0,0,0
690,690,tQBrhzi7ixctWgthHHSHgQ,1DedueD53YsKcpqMWPIe9w,5,4,0,1
691,691,nelsvrxo-aGrumfxOYPvew,1DedueD53YsKcpqMWPIe9w,5,1,0,0
692,692,kiTFzV797Y1eZsRQUOEkeA,1DedueD53YsKcpqMWPIe9w,4,0,0,0
693,693,MTsuAZdma0LzPa4dB50RnA,1DedueD53YsKcpqMWPIe9w,1,1,0,0
694,694,RH3i2lapB-GVLbpNzQt9Rw,1DedueD53YsKcpqMWPIe9w,2,1,0,0
695,695,gF37cxBOnIi3ZoC6FKmu-Q,1DedueD53YsKcpqMWPIe9w,5,3,0,0
696,696,4bsc9m93QmN6bMocwaMS5w,1DedueD53YsKcpqMWPIe9w,1,2,0,0
697,697,u_hqmXPmzaM5QOWTQUOVhQ,1DedueD53YsKcpqMWPIe9w,4,0,0,0
698,698,p1yTOjqH4v6_A51sEVvK3w,1DedueD53YsKcpqMWPIe9w,1,0,0,0
699,699,59ygiX9-a8B91rb5qvtIgA,1DedueD53YsKcpqMWPIe9w,4,0,0,0
700,700,qmjoMFMZdLH69_6eGTGDZw,1DedueD53YsKcpqMWPIe9w,1,3,0,0
701,701,lbXEEgn329Ht5UDFYdPcDA,1DedueD53YsKcpqMWPIe9w,5,0,0,0
702,702,waPNZR18BX7v2BzypdexWQ,4_X7bpnWV_VBcp7JQBvlWQ,5,0,0,0
703,703,d5WLqmTMvmL7-RmUDVKqqQ,4_X7bpnWV_VBcp7JQBvlWQ,4,0,0,0
704,704,4zTUqzgK7MMycdrhNDKIBQ,4_X7bpnWV_VBcp7JQBvlWQ,4,1,0,1
705,705,7MYYnLIgeVE1LRQKkNezmA,68s1OlziLPXKvdwBLV_pGw,4,1,0,1
706,706,BSVThVjjFaF5orzkW7Of7Q,68s1OlziLPXKvdwBLV_pGw,4,1,0,0
707,707,DzqjWaOE4CMJS5cxnpD8ZQ,68s1OlziLPXKvdwBLV_pGw,4,1,0,2
708,708,BqOlmTsWas5YqaSYRSFW-g,68s1OlziLPXKvdwBLV_pGw,3,0,0,0
709,709,SYc0JiofjHKHOiJtqt9ZUg,1J69KdlcuXRMCyOFqtQNgg,5,1,1,1
710,710,r1Z8dxSnd7T4XEAhVUoA0Q,1J69KdlcuXRMCyOFqtQNgg,4,1,0,0
711,711,D-ZyQ4iT1XRFkcOAWXnxCQ,1J69KdlcuXRMCyOFqtQNgg,4,0,0,0
712,712,cBSYFg0yZ7ua5Fl_xcsfNQ,1J69KdlcuXRMCyOFqtQNgg,4,0,0,0
713,713,EXCKel52IH1B68ra-XLN5Q,44d0NDLZiLTGmpBlNdhDaw,5,0,0,0
714,714,hReKJHrqiehycmFkBKBHPA,44d0NDLZiLTGmpBlNdhDaw,5,1,0,0
715,715,i09F9oU7QvKf7milVy3WIA,44d0NDLZiLTGmpBlNdhDaw,5,1,1,1
716,716,nhFHc_hRwwkxLzEtTmVHQA,44d0NDLZiLTGmpBlNdhDaw,5,1,0,0
717,717,_kFxBm8H4lxA6tdauPa49w,44d0NDLZiLTGmpBlNdhDaw,5,2,0,0
718,718,K2FhZJO-Ud6qnbFgA87NWw,44d0NDLZiLTGmpBlNdhDaw,5,0,0,0
719,719,vgjLo3iUrG4Y-JG5Of_6lw,44d0NDLZiLTGmpBlNdhDaw,5,0,0,0
720,720,jHN9V2Wr54ItVRrLBRaJQw,44d0NDLZiLTGmpBlNdhDaw,5,0,0,0
721,721,k7oAAw4b1pkjCRujQ1hYQQ,44d0NDLZiLTGmpBlNdhDaw,5,0,0,0
722,722,3V49w7LgFyh-MaEnJFpyJg,44d0NDLZiLTGmpBlNdhDaw,5,0,0,0
723,723,MBlZaOsG8AOcABC3BEau5A,4aJAI8jFCOibWsedgHXqZQ,1,0,0,0
724,724,fV7jZ2kqPdcr3rIAsBVZig,4aJAI8jFCOibWsedgHXqZQ,1,1,0,0
725,725,AWM5hsh1wTvRHQRJyo7mdw,4aJAI8jFCOibWsedgHXqZQ,1,0,0,0
726,726,oCQUunRYbvlasef8sFwT9g,4aJAI8jFCOibWsedgHXqZQ,4,0,0,0
727,727,jCf3U5y7nGmDLMkLUQDiMg,4aJAI8jFCOibWsedgHXqZQ,5,0,0,0
728,728,hTPvWlMNmxCRXDUZLxitLQ,4aJAI8jFCOibWsedgHXqZQ,1,1,0,0
729,729,NrU9N45MTsGiyD3aWTsjVQ,4aJAI8jFCOibWsedgHXqZQ,1,0,1,0
730,730,P-u44KFPjtKEUzXqLkeWOQ,5kCRty4p7tBwM9P7MAXgvA,3,0,0,0
731,731,u9r7r92gaqijc3eday-XkQ,5kCRty4p7tBwM9P7MAXgvA,4,0,1,0
732,732,kEEx6yEf81i9Wk5Ww1q6GA,5kCRty4p7tBwM9P7MAXgvA,1,1,0,0
733,733,yn4Lhb8NMm9-cDNmN9p34A,5kCRty4p7tBwM9P7MAXgvA,4,0,0,0
734,734,FjmgJIvYxt5TTJSToiPn8g,5kCRty4p7tBwM9P7MAXgvA,3,0,1,0
735,735,FcdKOJBmez810jR6aaOIbQ,5kCRty4p7tBwM9P7MAXgvA,3,2,1,2
736,736,lJFBgSAccsMGwIjfD7LMeQ,5kCRty4p7tBwM9P7MAXgvA,3,0,0,2
737,737,lQG1u-nAsP_3ZO-1fROEwg,5kCRty4p7tBwM9P7MAXgvA,4,0,0,0
738,738,2v48a6qYAdZdynQeB-qAMA,5kCRty4p7tBwM9P7MAXgvA,4,0,0,0
739,739,yfZdk8o4Tf_pp6KtrHquWg,5kCRty4p7tBwM9P7MAXgvA,2,0,0,0
740,740,QghVrWnEWPO7rtWfr0gviQ,5kCRty4p7tBwM9P7MAXgvA,5,0,0,0
741,741,jO44Apni7iJZVVK4HQ60tA,5kCRty4p7tBwM9P7MAXgvA,3,1,2,4
742,742,0rW9kOfnSb4VWkrc7Z7nKQ,5kCRty4p7tBwM9P7MAXgvA,2,0,0,0
743,743,Ou4BjdfuERdzcRN_tMhq4Q,5VZFneSINtbXhxPPiedXyA,3,0,0,0
744,744,oKdygoDX5CfDJeXzv_EVaw,5VZFneSINtbXhxPPiedXyA,3,0,0,0
745,745,_Ab2puRl7Tb9rlgOuPZJQA,5VZFneSINtbXhxPPiedXyA,4,0,0,0
746,746,Ga9DnmdmhE0Zzs_jRtmrfA,5VZFneSINtbXhxPPiedXyA,4,0,0,0
747,747,5Mujjzv-ZH6HhxT-hWCpVg,5VZFneSINtbXhxPPiedXyA,4,0,1,0
748,748,doz_wwj6F6Ln9ykODiLtZA,5VZFneSINtbXhxPPiedXyA,2,0,0,0
749,749,UMPlNNATUNOWyj4eek54vA,5VZFneSINtbXhxPPiedXyA,3,0,0,0
750,750,3XDGNCH155seEXyEQPMi_w,5VZFneSINtbXhxPPiedXyA,4,0,0,0
751,751,WLE_sZQm2k0yE1rmStp_Eg,5VZFneSINtbXhxPPiedXyA,3,0,0,0
752,752,ZkmKyB9660N9d30GIrBGTQ,5VZFneSINtbXhxPPiedXyA,2,0,0,0
753,753,4UQfst9jve4GCSfWpWn2uA,5VZFneSINtbXhxPPiedXyA,3,1,1,1
754,754,utRlrauZEOF_2kASsIoJ7A,5VZFneSINtbXhxPPiedXyA,3,1,1,1
755,755,K3BeFzS90mBnFtIezDs2xw,5VZFneSINtbXhxPPiedXyA,5,1,0,0
756,756,txzOZrHK9EVY0kYjSuXkKg,5VZFneSINtbXhxPPiedXyA,2,0,0,0
757,757,SxV1Jq7UANuSYpn42JXvOA,5VZFneSINtbXhxPPiedXyA,4,0,0,0
758,758,mnV4eTp0dugyTf0WoGsknw,5VZFneSINtbXhxPPiedXyA,4,0,0,0
759,759,Hgg_B3KZXgj1L_LazFzcbg,2S1s1gKstsgRtUTVxKO79w,4,0,0,0
760,760,60IVUw1Rfzz-IE7EiAoUEw,2S1s1gKstsgRtUTVxKO79w,1,0,0,0
761,761,SbsUVsP2gkQhJf4L2q4kjg,2S1s1gKstsgRtUTVxKO79w,3,0,0,0
762,762,NKytdJBEMqDmhiQxzyH3nQ,2S1s1gKstsgRtUTVxKO79w,1,0,0,0
763,763,qoFdj5MEQG_rzf4HR-l01g,2S1s1gKstsgRtUTVxKO79w,3,0,0,0
764,764,knQd7FuAs6ePGUu4vOlcOg,2S1s1gKstsgRtUTVxKO79w,2,1,0,0
765,765,wyODhqTQFfBum-B98JLLHw,2S1s1gKstsgRtUTVxKO79w,3,0,0,0
766,766,wD6uMj4_8HgEXEskQ0_Kjw,2S1s1gKstsgRtUTVxKO79w,1,0,0,0
767,767,qI0i9RUYujqGv3YSAs-ccA,2S1s1gKstsgRtUTVxKO79w,5,0,0,0
768,768,h2zvAFFGP47jBPJbnBCKlw,2S1s1gKstsgRtUTVxKO79w,4,0,0,0
769,769,SLKPyEuruLb2jHlVvMiVXw,2S1s1gKstsgRtUTVxKO79w,4,0,0,0
770,770,S6gAeiubzQ7FJOdMvipsog,2S1s1gKstsgRtUTVxKO79w,1,0,0,0
771,771,ofThxVRvUfIvzV1QfXDQgw,2S1s1gKstsgRtUTVxKO79w,4,0,0,0
772,772,Txb81X1E3uUL1u9ZhSEp-g,2S1s1gKstsgRtUTVxKO79w,1,0,0,0
773,773,Sx6YtByoNJqfuM8XJqEyPQ,2S1s1gKstsgRtUTVxKO79w,1,0,0,0
774,774,IvYlKW4hfn7lQrV2ATcqmA,2S1s1gKstsgRtUTVxKO79w,2,0,0,0
775,775,YTkn5uzb_qWxgS3PmAAGeA,2S1s1gKstsgRtUTVxKO79w,2,0,0,0
776,776,XbCd366Bm_SWGhB8RsJouw,2S1s1gKstsgRtUTVxKO79w,1,0,0,0
777,777,fAnkHlKedFqau2NTj-KASA,2S1s1gKstsgRtUTVxKO79w,4,0,0,0
778,778,ehaAhyaDSPrSwtsiQ6Kq7w,2S1s1gKstsgRtUTVxKO79w,1,0,0,0
779,779,Qsw_wXoZJeVG6zDlMr37vw,2S1s1gKstsgRtUTVxKO79w,2,0,0,0
780,780,CJc13OrAjrWiNdh4imYAWg,2S1s1gKstsgRtUTVxKO79w,1,0,1,0
781,781,apu0rYSwSG0iAFlBNbN_bw,2S1s1gKstsgRtUTVxKO79w,1,0,0,0
782,782,Kmc4coMeGTg2xZ4viZgr4Q,2S1s1gKstsgRtUTVxKO79w,4,0,0,0
783,783,Q_QsCiaeQ5T_CfmidxEM7Q,2S1s1gKstsgRtUTVxKO79w,1,0,0,0
784,784,07WueEi6BaA9DJ2AhqfiNw,2S1s1gKstsgRtUTVxKO79w,5,1,0,0
785,785,RC_owJ5RZ-p_GRF2hn95kA,4kHarRaYU73PEfmTwSO3nQ,4,0,0,0
786,786,d110oa9YDqM4tCaWNKM3fw,4kHarRaYU73PEfmTwSO3nQ,4,0,0,0
787,787,7cEi0HM5PYztpGTr0V6oIg,4kHarRaYU73PEfmTwSO3nQ,4,0,0,0
788,788,sL5g-WhKP7uEuy3HLULRIg,4kHarRaYU73PEfmTwSO3nQ,4,0,0,0
789,789,X65BbwM2m4uv79JPcosx-Q,4kHarRaYU73PEfmTwSO3nQ,4,0,0,0
790,790,hH4IASJJlWquf2I_nLmshA,4kHarRaYU73PEfmTwSO3nQ,4,2,0,0
791,791,z7mhZEK1yNVyST1j-Lc6Fw,4kHarRaYU73PEfmTwSO3nQ,4,0,0,0
792,792,F4B435BPvJVyzeUw6ZbcTw,243PQVgkx8eUzVaKCgC-gw,4,1,0,2
793,793,NxfLNMH2zsCjdvQ4HnWAEA,243PQVgkx8eUzVaKCgC-gw,4,0,0,0
794,794,H2CP4jNw9pU5Uh2WVzCNFw,243PQVgkx8eUzVaKCgC-gw,4,1,0,1
795,795,0tC5OOTuwvPGnnqhPCoRSw,243PQVgkx8eUzVaKCgC-gw,4,11,9,11
796,796,_Pv1kPuwFFN-I_2sMs7ANw,2H5EaBEreDzzP7sPmD_oDQ,4,0,0,0
797,797,wjsyO5fBP7XXw-VyA-xqZA,2H5EaBEreDzzP7sPmD_oDQ,5,0,0,0
798,798,javH5G2S3JihyfbBsfJQLg,2H5EaBEreDzzP7sPmD_oDQ,5,0,0,0
799,799,VnKj044Tt5doqaVDIJbWsw,2H5EaBEreDzzP7sPmD_oDQ,3,0,0,0
800,800,3MGWu2_wkTlA3dAN9hqhYA,7OMesO90cUTBCA9eoemYQw,5,0,0,0
801,801,e0AUdCu-jeOkLImiEzlTDg,7OMesO90cUTBCA9eoemYQw,5,0,0,2
802,802,dcUv6jS-Fy7laCLkxlBEEA,#NAME?,5,0,0,0
803,803,NJPpXmKU9BZsp2nqCDM_7Q,#NAME?,5,1,0,1
804,804,#NAME?,#NAME?,5,0,0,0
805,805,HPJ0yhq0xnrUl5CauF9kzw,#NAME?,4,2,0,0
806,806,sa9xAAtMexDDOFG7LapEgA,#NAME?,5,1,0,0
807,807,lc7zYCBdb38gx6pTtIWgAg,#NAME?,4,0,0,0
808,808,lX60ao-PCUFVR4-anSKsAw,#NAME?,4,0,0,0
809,809,MlkoXpT7NdIqFN_Z3kr__A,#NAME?,5,1,0,0
810,810,APyYELz87NVGr854iZyjug,#NAME?,5,0,0,0
811,811,AsTafO97fC-Aj2qo8jkrTg,#NAME?,4,0,0,0
812,812,K8X7paV7hrSO0hbEFV7vCA,#NAME?,5,0,0,0
813,813,nUifB6VQ_9c4b1ugmAIc3A,#NAME?,5,1,0,0
814,814,WhfihYZ9woifo-aoiJqHmQ,#NAME?,4,0,0,0
815,815,HVNbGwrJrJR19CoDP3h-NQ,#NAME?,5,0,0,0
816,816,uSMK7y_H2DzRX7WcKXtFgQ,3TAc--QKVYb-F5Mq2NHf0g,3,0,2,1
817,817,EPrjJQP35muVElDb18Fddg,3TAc--QKVYb-F5Mq2NHf0g,2,2,3,2
818,818,Q9mA60HnY87C1TW5kjAZ6Q,3TAc--QKVYb-F5Mq2NHf0g,4,4,0,0
819,819,lpDhDjxG2OJ_OeTnuSXfvw,3TAc--QKVYb-F5Mq2NHf0g,3,0,0,0
820,820,UxTh0zFCbHj2PDxDa0aikQ,3TAc--QKVYb-F5Mq2NHf0g,3,0,0,0
821,821,OzGlDEQ_vzH8QU9NBRs-pw,3TAc--QKVYb-F5Mq2NHf0g,4,0,0,0
822,822,Ssl3mo7EOjyQ0k7EVT_uuQ,3TAc--QKVYb-F5Mq2NHf0g,2,0,0,0
823,823,8D8mjeNaJ3DGhl0WX8copA,3TAc--QKVYb-F5Mq2NHf0g,2,0,0,0
824,824,yrhB_rQyrmSQ8WFSHxzaEQ,3TAc--QKVYb-F5Mq2NHf0g,2,0,0,0
825,825,YRcaNlwQ6XXPFDXWtuMGdA,3TAc--QKVYb-F5Mq2NHf0g,3,0,0,0
826,826,iCioajwcOWBS01wN-XYSyg,3TAc--QKVYb-F5Mq2NHf0g,1,0,0,0
827,827,OZWskTOKCWvYejhu63gFmQ,3TAc--QKVYb-F5Mq2NHf0g,2,0,0,0
828,828,uGclsMtQYBVSUdUngTDStw,3TAc--QKVYb-F5Mq2NHf0g,1,0,1,1
829,829,d6xvYpyzcfbF_AZ8vMB7QA,4QBl0ksgIjdr5loP8IVMhQ,1,1,0,1
830,830,wx5tlKIAUbkVa3kuf19BsQ,4QBl0ksgIjdr5loP8IVMhQ,5,2,0,2
831,831,HMAgYRju8lFyi-2y9swmvw,4QBl0ksgIjdr5loP8IVMhQ,5,1,0,0
832,832,KDb7ej6DK3D0IKS6LuUZHA,4QBl0ksgIjdr5loP8IVMhQ,3,1,1,1
833,833,OPN-dDUBkH7uH-G8nOnskg,4QBl0ksgIjdr5loP8IVMhQ,5,1,0,0
834,834,F5--WrwvvEE80dFUCH6-Lw,4QBl0ksgIjdr5loP8IVMhQ,5,0,1,0
835,835,PDwTFt8T-yLbhQdCRfifIA,0FbFqMBLRGRRdZlGJeXjug,5,0,0,0
836,836,sC1ZpecksB6-hmIB6if1yg,0FbFqMBLRGRRdZlGJeXjug,5,0,0,0
837,837,YMgZqBUAddmFErxLtCfK_w,0FbFqMBLRGRRdZlGJeXjug,4,3,2,3
838,838,QHTLXssB64NIsWDUPZBPFQ,0FbFqMBLRGRRdZlGJeXjug,4,1,0,1
839,839,U4OvG7ZB4-go6j1AJAGAjA,0FbFqMBLRGRRdZlGJeXjug,5,0,0,0
840,840,3UkPgOhbqhAqJfaWkGAvXA,0FbFqMBLRGRRdZlGJeXjug,5,0,0,0
841,841,xXHduZXDVEX5Jmq-4C4BHg,0FbFqMBLRGRRdZlGJeXjug,5,0,0,1
842,842,VMRjXLHkT03oRC3vQxVM3g,0FbFqMBLRGRRdZlGJeXjug,4,0,0,0
843,843,bf-MBZUzp-arMSKvcp_3AA,0FbFqMBLRGRRdZlGJeXjug,5,5,3,4
844,844,LojSMtpS34ixcDcuuhkR2A,0FbFqMBLRGRRdZlGJeXjug,5,0,0,0
845,845,-8syaSLDbMXW2F2FApVgig,0FbFqMBLRGRRdZlGJeXjug,4,1,0,0
846,846,oKVp4qQsJZhjK2Vz6OnTxg,0FbFqMBLRGRRdZlGJeXjug,1,1,0,0
847,847,nlWwikGRkohOdLFCF4dqSA,0FbFqMBLRGRRdZlGJeXjug,5,0,0,1
848,848,Yg08tRMxm0eaL-rXyNIAHw,0FbFqMBLRGRRdZlGJeXjug,4,0,0,0
849,849,fL7d47AR-KO1mriFAB6Njw,0FbFqMBLRGRRdZlGJeXjug,5,0,0,0
850,850,yOf_i5GhuzDbUGUd5KxEKA,0FbFqMBLRGRRdZlGJeXjug,5,0,0,0
851,851,d0HYf2mO4NMYW39e1ROVVw,0FbFqMBLRGRRdZlGJeXjug,5,0,0,0
852,852,zOKZ4R2YXj9gclfI6cX_7g,0FbFqMBLRGRRdZlGJeXjug,5,0,0,0
853,853,dRWmbVYEYJQgPTn3aRXXXg,0FbFqMBLRGRRdZlGJeXjug,5,1,1,1
854,854,k85Wj5y6gqs5K9P5joUEBA,0FbFqMBLRGRRdZlGJeXjug,5,0,0,0
855,855,NUnjjFfNjZBj8Cq0cyMK6Q,36PyJL7VPM6Xd6agqXj5RQ,5,0,0,0
856,856,6LO3hkrSt1-mAU1oR8sbhA,36PyJL7VPM6Xd6agqXj5RQ,4,3,0,2
857,857,VSIu9ZdH9zcwy6cZ4EHBrg,36PyJL7VPM6Xd6agqXj5RQ,4,0,0,0
858,858,iNHiTBsz3jxUXbxKMjJw0w,#NAME?,4,1,0,0
859,859,lxmiUxhMRGSMckR_b9bw1w,#NAME?,5,2,0,1
860,860,fxLyfAHG0Z8jsBhhtbboOQ,#NAME?,4,0,0,0
861,861,mGxCFkdIYaNGzUKxkHI4Bw,#NAME?,5,2,1,0
862,862,QuZbJquRtbY9O9JrB9NpxQ,#NAME?,3,3,1,2
863,863,PwMy326a8Fa8EUHe1rvnow,#NAME?,4,1,0,1
864,864,Ytjon2aVUm09CMdfGJxZYg,#NAME?,4,3,0,2
865,865,_7CqrtojbMxz0cowJDv69w,#NAME?,5,0,0,0
866,866,Z0GBHiE7QpWlymLMnUP8SA,#NAME?,4,5,0,2
867,867,bPu5ZsjIhoHV29UYWLVc8g,#NAME?,2,0,0,0
868,868,si4MkzbH4u4KlYfYyenqBA,#NAME?,4,0,0,1
869,869,PpBzb-w7JlSuML_-GpORcw,#NAME?,4,2,0,2
870,870,frrW7_J4Pzfw6d92ZHJSAg,#NAME?,4,0,0,0
871,871,XLOVIvOaXc-5oy5sR0A1-w,#NAME?,3,0,0,0
872,872,RCrfj9GaKF4isWSIRfEPjg,#NAME?,5,0,0,0
873,873,a1x5xhZ2zpBdOfqtH9x-Kg,#NAME?,3,5,5,4
874,874,UlVkQk0aftzxn8E8LhOFQw,#NAME?,4,4,1,2
875,875,#NAME?,#NAME?,1,2,8,1
876,876,EFYa6Whx_Q01J9fYvfUXvA,#NAME?,5,1,0,0
877,877,lu5Gl35WhpqIkg06o9NaJw,#NAME?,1,5,2,0
878,878,vIZfVID4wIUAxWkDrve5Vw,#NAME?,5,4,0,3
879,879,SkueY7hVsyXmYItELoodGw,#NAME?,1,0,1,0
880,880,JUlMVyJQ6ijHCdMjs8bGhw,#NAME?,4,0,0,0
881,881,nzVMKd5ZrsG5yuyUyHr4Vg,#NAME?,1,1,3,0
882,882,bWh4k_cCuVt5GLVd33xIxg,#NAME?,2,2,1,0
883,883,1os1G8EVWUOQ4byfMMy-dQ,#NAME?,3,0,0,0
884,884,1rLLYUwOqCaMvSExfIEs_Q,#NAME?,4,0,0,0
885,885,h5e3Lt-rkc4l0rL_J31XHQ,#NAME?,2,0,0,0
886,886,rPBrBdfeoEdzuKW-c-MLOA,#NAME?,4,2,0,1
887,887,cM2N1sOpzPJfFiCijO5r5Q,#NAME?,1,0,0,0
888,888,9PmUzfxz3vamMaTzGSesyg,#NAME?,1,0,1,0
889,889,5lPr0Lbf61qgDYryFScmXg,#NAME?,2,0,0,0
890,890,6dK2EHJuDfKOWpvUX7-G-Q,6BSl6vLEyZvro_YIqorxEQ,4,0,0,0
891,891,c2WSOuF0et59VmOPPJj8vQ,4s2kbiihdHQrpL6KvC9NcA,1,0,0,0
892,892,n2GZvQw0D4Oy8RcsvvPPXA,4s2kbiihdHQrpL6KvC9NcA,1,0,0,0
893,893,zM0cg5IH7HAfls73oebG3Q,4s2kbiihdHQrpL6KvC9NcA,1,0,0,0
894,894,osHkAXvZ7TRVmNyHTGARmA,4s2kbiihdHQrpL6KvC9NcA,1,0,0,0
895,895,W0pmL3c1XVwbnQ75JbZktg,4s2kbiihdHQrpL6KvC9NcA,5,0,0,0
896,896,s1I7lBZMmygVrVndWPLzsA,1kY433zelAR28V6FNcqSUA,5,2,0,0
897,897,88pixU2XBbBla1-sR9ACjw,1kY433zelAR28V6FNcqSUA,4,1,0,0
898,898,gaXFBUQR0r1YVMNGbz064Q,1kY433zelAR28V6FNcqSUA,4,0,0,0
899,899,hzw-qTUVpmLAKjdkoUNh8A,7p6tHUA1Pknh0DVWqz86lA,1,0,0,0
900,900,mldKxVI59o3LhK3ITG6mnA,7p6tHUA1Pknh0DVWqz86lA,5,0,0,0
901,901,SaedHW9i7k4lHR8tgwtMgQ,7p6tHUA1Pknh0DVWqz86lA,5,0,0,0
902,902,87CKG39VfXYRupM3VRfReg,7p6tHUA1Pknh0DVWqz86lA,1,2,0,0
903,903,kESRYcaODjB6s9p1-alBTw,7p6tHUA1Pknh0DVWqz86lA,5,1,0,1
904,904,07XUD-8jPwtpgMGYT_veJw,7p6tHUA1Pknh0DVWqz86lA,1,9,0,0
905,905,LlH-OnHZaNMVR6oWtaHSuQ,7QCi9ON3nRx6W8htg2ck-A,5,0,0,0
906,906,CkIAxw9kyWhEdPv9dy2VBA,7QCi9ON3nRx6W8htg2ck-A,1,4,0,0
907,907,JtDbR0yQ589xOXUcXCLdRw,7QCi9ON3nRx6W8htg2ck-A,5,0,0,0
908,908,OFmjR4nF4RkaPkJStw4yDw,7QCi9ON3nRx6W8htg2ck-A,3,0,0,0
909,909,Tdv7HZa4Hyjm-X0MtNmeag,7QCi9ON3nRx6W8htg2ck-A,2,6,1,1
910,910,yV7McF7ESEBuJ0ewygHwhA,7QCi9ON3nRx6W8htg2ck-A,2,1,0,0
911,911,0n1K5AcR08U3AfnzyLTPDQ,7QCi9ON3nRx6W8htg2ck-A,1,2,0,0
912,912,dtanlcid8_m1L49ZK1YPfw,7vyH-CfCBnlCZ0XLSfKvNw,4,1,0,0
913,913,RtEPw26eVMEsq6r2zZIdIQ,7vyH-CfCBnlCZ0XLSfKvNw,2,2,2,1
914,914,r6yS4bfO3Ci207KV6mzjig,7vyH-CfCBnlCZ0XLSfKvNw,4,2,1,2
915,915,yWM1DJNoMWOamjnXD-SXDA,3jPajTVLzeNbXRnc-qPHXg,4,1,0,0
916,916,CQ2M0nvTXcPkaZblTr9iWg,3jPajTVLzeNbXRnc-qPHXg,4,0,0,0
917,917,uYLliiaBRJIChE5xi6n1Rg,3jPajTVLzeNbXRnc-qPHXg,5,0,0,0
918,918,B43lamWLF3j2AamQ5a0w7g,3jPajTVLzeNbXRnc-qPHXg,1,3,2,0
919,919,sCq_mB37CKpDw7QVRmRSmQ,29Z_lTBAAPNifXBpSX5esA,4,0,0,0
920,920,kEwmbBc-aGBfB0IuTpX8RQ,29Z_lTBAAPNifXBpSX5esA,4,0,0,0
921,921,La1ggB37gvq6UWpEWaMtMA,29Z_lTBAAPNifXBpSX5esA,4,0,0,1
922,922,Fb2QR-EKG6wUlOLrKC_lIg,5TQ_BePxXGNOlgAZN6wDSA,4,1,0,0
923,923,3L7nHnaeSHSdZXzV_vdvAQ,5TQ_BePxXGNOlgAZN6wDSA,5,1,0,0
924,924,3yQqTA7RGUcDs2ysCmOgOA,5TQ_BePxXGNOlgAZN6wDSA,5,1,0,0
925,925,h2ymDRzpcjATEWFAqoXhmw,5TQ_BePxXGNOlgAZN6wDSA,4,0,0,0
926,926,jlYeuNg0xPXmwjagvNMu_A,6g_sZWqPObIfmC3Hp7wCqA,5,1,0,1
927,927,tICTahs6JWJEYNjQxM6v4Q,6g_sZWqPObIfmC3Hp7wCqA,5,1,0,0
928,928,VdYduTKehwkJENnMM0XPcQ,6g_sZWqPObIfmC3Hp7wCqA,5,1,0,0
929,929,4Yex5FN7GNOnzNek0DVBsA,6g_sZWqPObIfmC3Hp7wCqA,3,0,0,0
930,930,GrIMANODWiFIMAynmdHbPA,6g_sZWqPObIfmC3Hp7wCqA,5,2,0,2
931,931,ss0UJv908dzKyPayao6UGA,0xGNmy8DERwwqO3V5jNR6Q,1,0,0,0
932,932,4x9ldxrTHwX8MOxHvrovcQ,0xGNmy8DERwwqO3V5jNR6Q,4,0,0,0
933,933,e2G7YIplKFuKtsmcFs271w,0xGNmy8DERwwqO3V5jNR6Q,4,0,0,0
934,934,9ufiDhIjZbWWIMgUV02zwQ,0xGNmy8DERwwqO3V5jNR6Q,4,0,0,0
935,935,_pBzBgtCTN9PNUPfgPDI8A,0xGNmy8DERwwqO3V5jNR6Q,4,5,5,6
936,936,5-fO9ZGzmZiJXeVdNhZemw,0xGNmy8DERwwqO3V5jNR6Q,4,0,0,0
937,937,z94mcaxi2D9eNob9_v4WBQ,0xGNmy8DERwwqO3V5jNR6Q,4,0,1,1
938,938,h5k0qFOEcaFTZMsfj36g6w,0xGNmy8DERwwqO3V5jNR6Q,4,0,0,0
939,939,37HswRimgBEf7_US-c3CDA,0xGNmy8DERwwqO3V5jNR6Q,4,14,9,12
940,940,tDbT_zMUsFvtMnQ44j64aQ,0xGNmy8DERwwqO3V5jNR6Q,4,0,0,0
941,941,mRIHCOiMLDrr6dvuszx1HQ,0xGNmy8DERwwqO3V5jNR6Q,4,0,0,0
942,942,0d3ZTAc-D3C5vSr032p6qw,0xGNmy8DERwwqO3V5jNR6Q,4,1,0,1
943,943,FCkCL4CgWa7riw6tXI4jXw,0xGNmy8DERwwqO3V5jNR6Q,5,0,0,0
944,944,_gan0Dc_D_JKEs63eQnXoQ,0xGNmy8DERwwqO3V5jNR6Q,4,0,0,0
945,945,4Xwo12Uxb0EPmHMe5rgHMA,7Zmxle5A6XTZACIHgiC98Q,5,0,0,0
946,946,YfvMjY-G6y86Ov2tS5Txww,7Zmxle5A6XTZACIHgiC98Q,1,1,0,0
947,947,FfxnvrbwI40dUUqA63KqGw,7Zmxle5A6XTZACIHgiC98Q,4,1,1,1
948,948,dIIKEfOgo0KqUfGQvGikPg,7Zmxle5A6XTZACIHgiC98Q,4,5,2,3
949,949,iQCkezcDRRdXe0d7bphOww,7Zmxle5A6XTZACIHgiC98Q,3,0,0,0
950,950,_zWasrUbxAb_CPB522jWoA,7Zmxle5A6XTZACIHgiC98Q,5,0,0,0
951,951,Y50kArMlDzCvLv6CnWN8Ww,7Zmxle5A6XTZACIHgiC98Q,4,0,0,1
952,952,mIysRk_cJ5K_BMZ-r06TFw,7Zmxle5A6XTZACIHgiC98Q,5,0,0,0
953,953,J1yNYAjojpD_KpocG-W3KQ,7Zmxle5A6XTZACIHgiC98Q,4,3,2,3
954,954,QnFwP9v0pMpYEk13RpCPtg,7Zmxle5A6XTZACIHgiC98Q,4,3,1,1
955,955,sYQyXDjGaJj7wfaqz5u8KQ,7Zmxle5A6XTZACIHgiC98Q,5,5,4,4
956,956,MvOG1Vfe9TmZElJwvTRtPA,7Zmxle5A6XTZACIHgiC98Q,3,2,0,0
957,957,Ml9EY3cA-8np9D9h5v9sqA,7Zmxle5A6XTZACIHgiC98Q,4,2,0,1
958,958,_c3liOKS8TYRNviC0gy7-w,7Zmxle5A6XTZACIHgiC98Q,2,2,1,1
959,959,X4dULKG-TCjkh0bqXjJlFQ,7Zmxle5A6XTZACIHgiC98Q,4,1,1,1
960,960,JGAtTF-bxLYY5MIcYAPEFw,7Zmxle5A6XTZACIHgiC98Q,3,1,0,1
961,961,TjBkQ6Qg57KexPurgbSTSw,7Zmxle5A6XTZACIHgiC98Q,3,0,0,0
962,962,#NAME?,7Zmxle5A6XTZACIHgiC98Q,2,1,0,1
963,963,9xCdyIxzfV6J-Out6XR2FA,7Zmxle5A6XTZACIHgiC98Q,3,1,0,1
964,964,WuRG6goc7Fy-c4JADVZesQ,7Zmxle5A6XTZACIHgiC98Q,5,2,0,2
965,965,bAdsFiJbGiRzBzhSTUD_2A,7Zmxle5A6XTZACIHgiC98Q,4,0,0,0
966,966,wH-uEoSdYIc9UcvTqHnbFw,42rDLL6vNJ5w66Ccj6a5XQ,1,0,1,0
967,967,qNYe3G6UhE34NgM7yVQGiA,42rDLL6vNJ5w66Ccj6a5XQ,2,0,0,0
968,968,-1Eu-fym0JHDzU8dVYPUuw,42rDLL6vNJ5w66Ccj6a5XQ,1,0,0,0
969,969,i8hCMZN-0bHENsHZKHpC-g,42rDLL6vNJ5w66Ccj6a5XQ,1,0,5,0
970,970,6Xhk9wwFD9urDngVOrInyw,42rDLL6vNJ5w66Ccj6a5XQ,3,1,0,0
971,971,dAL-fM9tEwvMf-EunZh3KQ,42rDLL6vNJ5w66Ccj6a5XQ,1,1,0,0
972,972,ldTXLx1sonB2l8poqQnTSQ,42rDLL6vNJ5w66Ccj6a5XQ,1,0,0,0
973,973,XYSDrIef7g4Gmp3lNFVO6A,42rDLL6vNJ5w66Ccj6a5XQ,4,1,0,1
974,974,ILOCl_PJXk_DE1enPkvL8Q,42rDLL6vNJ5w66Ccj6a5XQ,1,0,2,1
975,975,FE9uc4nNFxIA5EmmapbPKQ,42rDLL6vNJ5w66Ccj6a5XQ,1,0,0,0
976,976,oq_5fMXWp4fGd5KY-Kz8ig,0UEQvzlePYUnpe_a40-RtQ,3,3,0,0
977,977,b1TSTPIBLUCSN5JeSC9AhA,0UEQvzlePYUnpe_a40-RtQ,4,1,0,0
978,978,vMSpUT4BXFS6wJYlDCJfgw,0UEQvzlePYUnpe_a40-RtQ,1,1,1,1
979,979,zg0ervxGAHzO6AZbwOPuZg,0UEQvzlePYUnpe_a40-RtQ,4,0,0,0
980,980,SBi0TYUSIrct8WSTyK6DFg,1acwsRJ7tcR2KROVNeUsPQ,4,1,0,0
981,981,DfcdoGzz39FBS6o8U7ZyOQ,1acwsRJ7tcR2KROVNeUsPQ,4,1,0,0
982,982,NqzqrENgSH3Beg_-BpIy2w,1acwsRJ7tcR2KROVNeUsPQ,4,0,0,0
983,983,yL4whR1Qb63FptG9IVRdVQ,1acwsRJ7tcR2KROVNeUsPQ,3,1,0,0
984,984,jukdpc6K4eSmBIOdLz2UWg,1acwsRJ7tcR2KROVNeUsPQ,5,2,1,1
985,985,Z0qIR1fB-M5tHatSEObgjQ,1acwsRJ7tcR2KROVNeUsPQ,2,2,1,0
986,986,S1Am9rfV8pfdbAcA-UBKnQ,1acwsRJ7tcR2KROVNeUsPQ,3,0,1,0
987,987,1pCu9BfgISceLLLac-Kl9Q,1acwsRJ7tcR2KROVNeUsPQ,2,0,0,0
988,988,d2zPSGvjr4zg9OMKq_0TNA,1acwsRJ7tcR2KROVNeUsPQ,4,3,1,0
989,989,gWs7Oeer3zL3wvbehkbQEg,1acwsRJ7tcR2KROVNeUsPQ,4,0,0,0
990,990,JELJXvYBcOpH9YIn1lQGqQ,1acwsRJ7tcR2KROVNeUsPQ,5,0,0,0
991,991,TqC9E5cl57HBqamkIELl-A,2-vFg3eA2S7ubaTGQeUoDw,5,0,0,0
992,992,XCJ7LH6OlRRwUQeLrHKr4Q,2-vFg3eA2S7ubaTGQeUoDw,4,1,1,2
993,993,yRWQcoJJDXsKhrEwYFd5_w,2-vFg3eA2S7ubaTGQeUoDw,4,0,0,0
994,994,Zx6QP-a4Ooyyi8ABJGVruw,2-vFg3eA2S7ubaTGQeUoDw,1,0,0,0
995,995,jhTQDxKZMsWN0SrZXMuv5Q,2-vFg3eA2S7ubaTGQeUoDw,5,0,0,1
996,996,zTra8Z7IsAzIVmDLK3ktHA,0IPTFesIRB3VQs3cRz_SnA,1,0,0,0
997,997,bgJdYtdyQZCvRX53NyMvwg,0IPTFesIRB3VQs3cRz_SnA,5,0,0,0
998,998,bZ7ckkCqjLmmQuFFDNK4Iw,0IPTFesIRB3VQs3cRz_SnA,5,0,0,1
999,999,qCzx039NVrJkWnZEqQ1JKA,0IPTFesIRB3VQs3cRz_SnA,5,0,0,0
1000,1000,_HRfJMvYxh52PiLZVUesow,0IPTFesIRB3VQs3cRz_SnA,5,0,0,0
